domainID,siteID,horizontalPosition.HOR,verticalPosition.VER,sensorDepth,startDateTime,endDateTime
D01,BART,001,501,-0.06,2010-01-01T00:00:00Z,NA
D01,BART,001,502,-0.16,2010-01-01T00:00:00Z,NA
D01,BART,001,503,-0.26,2010-01-01T00:00:00Z,NA
D01,BART,001,504,-0.56,2010-01-01T00:00:00Z,NA
D01,BART,001,505,-0.96,2010-01-01T00:00:00Z,NA
D01,BART,001,506,-1.16,2010-01-01T00:00:00Z,NA
D01,BART,001,507,-1.66,2010-01-01T00:00:00Z,NA
D01,BART,001,508,-1.96,2010-01-01T00:00:00Z,NA
D01,BART,002,501,-0.06,2010-01-01T00:00:00Z,NA
D01,BART,002,502,-0.16,2010-01-01T00:00:00Z,NA
D01,BART,002,503,-0.26,2010-01-01T00:00:00Z,NA
D01,BART,002,504,-0.56,2010-01-01T00:00:00Z,NA
D01,BART,002,505,-0.96,2010-01-01T00:00:00Z,NA
D01,BART,002,506,-1.16,2010-01-01T00:00:00Z,NA
D01,BART,002,507,-1.66,2010-01-01T00:00:00Z,NA
D01,BART,002,508,-1.96,2010-01-01T00:00:00Z,NA
D01,BART,003,501,-0.056,2010-01-01T00:00:00Z,NA
D01,BART,003,502,-0.156,2010-01-01T00:00:00Z,NA
D01,BART,003,503,-0.256,2010-01-01T00:00:00Z,NA
D01,BART,003,504,-0.556,2010-01-01T00:00:00Z,NA
D01,BART,003,505,-0.956,2010-01-01T00:00:00Z,NA
D01,BART,003,506,-1.156,2010-01-01T00:00:00Z,NA
D01,BART,003,507,-1.656,2010-01-01T00:00:00Z,NA
D01,BART,003,508,-1.956,2010-01-01T00:00:00Z,NA
D01,BART,004,501,-0.057,2010-01-01T00:00:00Z,NA
D01,BART,004,502,-0.157,2010-01-01T00:00:00Z,NA
D01,BART,004,503,-0.257,2010-01-01T00:00:00Z,NA
D01,BART,004,504,-0.557,2010-01-01T00:00:00Z,NA
D01,BART,004,505,-0.957,2010-01-01T00:00:00Z,NA
D01,BART,004,506,-1.157,2010-01-01T00:00:00Z,NA
D01,BART,004,507,-1.657,2010-01-01T00:00:00Z,NA
D01,BART,004,508,-1.957,2010-01-01T00:00:00Z,NA
D01,BART,005,501,-0.06,2010-01-01T00:00:00Z,NA
D01,BART,005,502,-0.16,2010-01-01T00:00:00Z,NA
D01,BART,005,503,-0.26,2010-01-01T00:00:00Z,NA
D01,BART,005,504,-0.56,2010-01-01T00:00:00Z,NA
D01,BART,005,505,-0.96,2010-01-01T00:00:00Z,NA
D01,BART,005,506,-1.16,2010-01-01T00:00:00Z,NA
D01,BART,005,507,-1.66,2010-01-01T00:00:00Z,NA
D01,BART,005,508,-1.86,2019-10-01T00:00:00Z,NA
D01,BART,005,508,-1.96,2010-01-01T00:00:00Z,2019-10-01T00:00:00Z
D01,HARV,001,501,-0.06,2010-01-01T00:00:00Z,NA
D01,HARV,001,502,-0.16,2010-01-01T00:00:00Z,NA
D01,HARV,001,503,-0.26,2010-01-01T00:00:00Z,NA
D01,HARV,001,504,-0.46,2010-01-01T00:00:00Z,NA
D01,HARV,001,505,NA,2010-01-01T00:00:00Z,NA
D01,HARV,001,506,NA,2010-01-01T00:00:00Z,NA
D01,HARV,001,507,NA,2010-01-01T00:00:00Z,NA
D01,HARV,001,508,NA,2010-01-01T00:00:00Z,NA
D01,HARV,002,501,-0.06,2010-01-01T00:00:00Z,NA
D01,HARV,002,502,-0.16,2010-01-01T00:00:00Z,NA
D01,HARV,002,503,-0.26,2010-01-01T00:00:00Z,NA
D01,HARV,002,504,-0.36,2010-01-01T00:00:00Z,NA
D01,HARV,002,505,-0.46,2010-01-01T00:00:00Z,NA
D01,HARV,002,506,-0.66,2010-01-01T00:00:00Z,NA
D01,HARV,002,507,NA,2010-01-01T00:00:00Z,NA
D01,HARV,002,508,NA,2010-01-01T00:00:00Z,NA
D01,HARV,003,501,-0.07,2010-01-01T00:00:00Z,NA
D01,HARV,003,502,-0.17,2010-01-01T00:00:00Z,NA
D01,HARV,003,503,-0.27,2010-01-01T00:00:00Z,NA
D01,HARV,003,504,-0.37,2010-01-01T00:00:00Z,NA
D01,HARV,003,505,-0.47,2010-01-01T00:00:00Z,NA
D01,HARV,003,506,-0.57,2010-01-01T00:00:00Z,NA
D01,HARV,003,507,NA,2010-01-01T00:00:00Z,NA
D01,HARV,003,508,NA,2010-01-01T00:00:00Z,NA
D01,HARV,004,501,-0.065,2010-01-01T00:00:00Z,NA
D01,HARV,004,502,-0.165,2010-01-01T00:00:00Z,NA
D01,HARV,004,503,-0.265,2010-01-01T00:00:00Z,NA
D01,HARV,004,504,-0.365,2010-01-01T00:00:00Z,NA
D01,HARV,004,505,-0.465,2010-01-01T00:00:00Z,NA
D01,HARV,004,506,-0.665,2010-01-01T00:00:00Z,NA
D01,HARV,004,507,NA,2010-01-01T00:00:00Z,NA
D01,HARV,004,508,NA,2010-01-01T00:00:00Z,NA
D01,HARV,005,501,-0.05,2010-01-01T00:00:00Z,NA
D01,HARV,005,502,-0.15,2010-01-01T00:00:00Z,NA
D01,HARV,005,503,-0.25,2010-01-01T00:00:00Z,NA
D01,HARV,005,504,-0.35,2010-01-01T00:00:00Z,NA
D01,HARV,005,505,-0.45,2010-01-01T00:00:00Z,NA
D01,HARV,005,506,-0.55,2010-01-01T00:00:00Z,NA
D01,HARV,005,507,NA,2010-01-01T00:00:00Z,NA
D01,HARV,005,508,NA,2010-01-01T00:00:00Z,NA
D02,BLAN,001,501,-0.06,2010-01-01T00:00:00Z,NA
D02,BLAN,001,502,-0.16,2010-01-01T00:00:00Z,NA
D02,BLAN,001,503,-0.26,2010-01-01T00:00:00Z,NA
D02,BLAN,001,504,-0.36,2010-01-01T00:00:00Z,NA
D02,BLAN,001,505,-0.66,2010-01-01T00:00:00Z,NA
D02,BLAN,001,506,-1.06,2010-01-01T00:00:00Z,NA
D02,BLAN,001,507,-1.46,2010-01-01T00:00:00Z,NA
D02,BLAN,001,508,-1.96,2010-01-01T00:00:00Z,NA
D02,BLAN,002,501,-0.07,2010-01-01T00:00:00Z,NA
D02,BLAN,002,502,-0.17,2010-01-01T00:00:00Z,NA
D02,BLAN,002,503,-0.27,2010-01-01T00:00:00Z,NA
D02,BLAN,002,504,-0.37,2010-01-01T00:00:00Z,NA
D02,BLAN,002,505,-0.67,2010-01-01T00:00:00Z,NA
D02,BLAN,002,506,-1.07,2010-01-01T00:00:00Z,NA
D02,BLAN,002,507,-1.47,2010-01-01T00:00:00Z,NA
D02,BLAN,002,508,-1.97,2010-01-01T00:00:00Z,NA
D02,BLAN,003,501,-0.07,2010-01-01T00:00:00Z,NA
D02,BLAN,003,502,-0.17,2010-01-01T00:00:00Z,NA
D02,BLAN,003,503,-0.27,2010-01-01T00:00:00Z,NA
D02,BLAN,003,504,-0.37,2010-01-01T00:00:00Z,NA
D02,BLAN,003,505,-0.67,2010-01-01T00:00:00Z,NA
D02,BLAN,003,506,-1.07,2010-01-01T00:00:00Z,NA
D02,BLAN,003,507,-1.47,2010-01-01T00:00:00Z,NA
D02,BLAN,003,508,-1.97,2010-01-01T00:00:00Z,NA
D02,BLAN,004,501,-0.06,2010-01-01T00:00:00Z,NA
D02,BLAN,004,502,-0.16,2010-01-01T00:00:00Z,NA
D02,BLAN,004,503,-0.26,2010-01-01T00:00:00Z,NA
D02,BLAN,004,504,-0.36,2010-01-01T00:00:00Z,NA
D02,BLAN,004,505,-0.66,2010-01-01T00:00:00Z,NA
D02,BLAN,004,506,-1.06,2010-01-01T00:00:00Z,NA
D02,BLAN,004,507,-1.46,2010-01-01T00:00:00Z,NA
D02,BLAN,004,508,-1.96,2010-01-01T00:00:00Z,NA
D02,BLAN,005,501,-0.05,2010-01-01T00:00:00Z,NA
D02,BLAN,005,502,-0.15,2010-01-01T00:00:00Z,NA
D02,BLAN,005,503,-0.25,2010-01-01T00:00:00Z,NA
D02,BLAN,005,504,-0.35,2010-01-01T00:00:00Z,NA
D02,BLAN,005,505,-0.65,2010-01-01T00:00:00Z,NA
D02,BLAN,005,506,-1.05,2010-01-01T00:00:00Z,NA
D02,BLAN,005,507,-1.45,2010-01-01T00:00:00Z,NA
D02,BLAN,005,508,-1.95,2010-01-01T00:00:00Z,NA
D02,SCBI,001,501,-0.07,2010-01-01T00:00:00Z,NA
D02,SCBI,001,502,-0.17,2010-01-01T00:00:00Z,NA
D02,SCBI,001,503,-0.27,2010-01-01T00:00:00Z,NA
D02,SCBI,001,504,-0.47,2010-01-01T00:00:00Z,NA
D02,SCBI,001,505,-0.87,2010-01-01T00:00:00Z,NA
D02,SCBI,001,506,-1.27,2010-01-01T00:00:00Z,NA
D02,SCBI,001,507,-1.67,2010-01-01T00:00:00Z,NA
D02,SCBI,001,508,-1.97,2010-01-01T00:00:00Z,NA
D02,SCBI,002,501,-0.055,2010-01-01T00:00:00Z,NA
D02,SCBI,002,502,-0.155,2010-01-01T00:00:00Z,NA
D02,SCBI,002,503,-0.255,2010-01-01T00:00:00Z,NA
D02,SCBI,002,504,-0.455,2010-01-01T00:00:00Z,NA
D02,SCBI,002,505,-0.855,2010-01-01T00:00:00Z,NA
D02,SCBI,002,506,-1.255,2010-01-01T00:00:00Z,NA
D02,SCBI,002,507,-1.655,2010-01-01T00:00:00Z,NA
D02,SCBI,002,508,-1.955,2010-01-01T00:00:00Z,NA
D02,SCBI,003,501,-0.07,2010-01-01T00:00:00Z,NA
D02,SCBI,003,502,-0.17,2010-01-01T00:00:00Z,NA
D02,SCBI,003,503,-0.27,2010-01-01T00:00:00Z,NA
D02,SCBI,003,504,-0.47,2010-01-01T00:00:00Z,NA
D02,SCBI,003,505,-0.87,2010-01-01T00:00:00Z,NA
D02,SCBI,003,506,-1.27,2010-01-01T00:00:00Z,NA
D02,SCBI,003,507,-1.67,2010-01-01T00:00:00Z,NA
D02,SCBI,003,508,-1.97,2010-01-01T00:00:00Z,NA
D02,SCBI,004,501,-0.07,2010-01-01T00:00:00Z,NA
D02,SCBI,004,502,-0.17,2010-01-01T00:00:00Z,NA
D02,SCBI,004,503,-0.27,2010-01-01T00:00:00Z,NA
D02,SCBI,004,504,-0.47,2010-01-01T00:00:00Z,NA
D02,SCBI,004,505,-0.87,2010-01-01T00:00:00Z,NA
D02,SCBI,004,506,-1.27,2010-01-01T00:00:00Z,NA
D02,SCBI,004,507,-1.67,2010-01-01T00:00:00Z,NA
D02,SCBI,004,508,-1.97,2010-01-01T00:00:00Z,NA
D02,SCBI,005,501,-0.06,2010-01-01T00:00:00Z,NA
D02,SCBI,005,502,-0.16,2010-01-01T00:00:00Z,NA
D02,SCBI,005,503,-0.26,2010-01-01T00:00:00Z,NA
D02,SCBI,005,504,-0.46,2010-01-01T00:00:00Z,NA
D02,SCBI,005,505,-0.86,2010-01-01T00:00:00Z,NA
D02,SCBI,005,506,-1.26,2010-01-01T00:00:00Z,NA
D02,SCBI,005,507,-1.66,2010-01-01T00:00:00Z,NA
D02,SCBI,005,508,-1.96,2010-01-01T00:00:00Z,NA
D02,SERC,001,501,-0.06,2010-01-01T00:00:00Z,NA
D02,SERC,001,502,-0.16,2010-01-01T00:00:00Z,NA
D02,SERC,001,503,-0.26,2010-01-01T00:00:00Z,NA
D02,SERC,001,504,-0.46,2010-01-01T00:00:00Z,NA
D02,SERC,001,505,-0.66,2010-01-01T00:00:00Z,NA
D02,SERC,001,506,-1.16,2010-01-01T00:00:00Z,NA
D02,SERC,001,507,-1.66,2010-01-01T00:00:00Z,NA
D02,SERC,001,508,-1.96,2010-01-01T00:00:00Z,NA
D02,SERC,002,501,-0.06,2010-01-01T00:00:00Z,NA
D02,SERC,002,502,-0.16,2010-01-01T00:00:00Z,NA
D02,SERC,002,503,-0.26,2010-01-01T00:00:00Z,NA
D02,SERC,002,504,-0.46,2010-01-01T00:00:00Z,NA
D02,SERC,002,505,-0.66,2010-01-01T00:00:00Z,NA
D02,SERC,002,506,-1.16,2010-01-01T00:00:00Z,NA
D02,SERC,002,507,-1.66,2010-01-01T00:00:00Z,NA
D02,SERC,002,508,-1.96,2010-01-01T00:00:00Z,NA
D02,SERC,003,501,-0.06,2010-01-01T00:00:00Z,NA
D02,SERC,003,502,-0.16,2010-01-01T00:00:00Z,NA
D02,SERC,003,503,-0.26,2010-01-01T00:00:00Z,NA
D02,SERC,003,504,-0.46,2010-01-01T00:00:00Z,NA
D02,SERC,003,505,-0.66,2010-01-01T00:00:00Z,NA
D02,SERC,003,506,-1.16,2010-01-01T00:00:00Z,NA
D02,SERC,003,507,-1.66,2010-01-01T00:00:00Z,NA
D02,SERC,003,508,-1.96,2010-01-01T00:00:00Z,NA
D02,SERC,004,501,-0.06,2010-01-01T00:00:00Z,NA
D02,SERC,004,502,-0.16,2010-01-01T00:00:00Z,NA
D02,SERC,004,503,-0.26,2010-01-01T00:00:00Z,NA
D02,SERC,004,504,-0.46,2010-01-01T00:00:00Z,NA
D02,SERC,004,505,-0.66,2010-01-01T00:00:00Z,NA
D02,SERC,004,506,-1.16,2010-01-01T00:00:00Z,NA
D02,SERC,004,507,-1.66,2010-01-01T00:00:00Z,NA
D02,SERC,004,508,-1.96,2010-01-01T00:00:00Z,NA
D02,SERC,005,501,-0.07,2010-01-01T00:00:00Z,NA
D02,SERC,005,502,-0.17,2010-01-01T00:00:00Z,NA
D02,SERC,005,503,-0.27,2010-01-01T00:00:00Z,NA
D02,SERC,005,504,-0.47,2010-01-01T00:00:00Z,NA
D02,SERC,005,505,-0.67,2010-01-01T00:00:00Z,NA
D02,SERC,005,506,-1.17,2010-01-01T00:00:00Z,NA
D02,SERC,005,507,-1.67,2010-01-01T00:00:00Z,NA
D02,SERC,005,508,-1.97,2010-01-01T00:00:00Z,NA
D03,DSNY,001,501,-0.05,2010-01-01T00:00:00Z,NA
D03,DSNY,001,502,-0.15,2010-01-01T00:00:00Z,NA
D03,DSNY,001,503,-0.25,2010-01-01T00:00:00Z,NA
D03,DSNY,001,504,-0.35,2010-01-01T00:00:00Z,NA
D03,DSNY,001,505,-0.55,2010-01-01T00:00:00Z,NA
D03,DSNY,001,506,-1.05,2010-01-01T00:00:00Z,NA
D03,DSNY,001,507,-1.65,2010-01-01T00:00:00Z,NA
D03,DSNY,001,508,-1.95,2010-01-01T00:00:00Z,NA
D03,DSNY,002,501,-0.06,2010-01-01T00:00:00Z,NA
D03,DSNY,002,502,-0.16,2010-01-01T00:00:00Z,NA
D03,DSNY,002,503,-0.26,2010-01-01T00:00:00Z,NA
D03,DSNY,002,504,-0.36,2010-01-01T00:00:00Z,NA
D03,DSNY,002,505,-0.56,2010-01-01T00:00:00Z,NA
D03,DSNY,002,506,-1.06,2010-01-01T00:00:00Z,NA
D03,DSNY,002,507,-1.66,2010-01-01T00:00:00Z,NA
D03,DSNY,002,508,-1.96,2010-01-01T00:00:00Z,NA
D03,DSNY,003,501,-0.06,2010-01-01T00:00:00Z,NA
D03,DSNY,003,502,-0.16,2010-01-01T00:00:00Z,NA
D03,DSNY,003,503,-0.26,2010-01-01T00:00:00Z,NA
D03,DSNY,003,504,-0.36,2010-01-01T00:00:00Z,NA
D03,DSNY,003,505,-0.56,2010-01-01T00:00:00Z,NA
D03,DSNY,003,506,-1.06,2010-01-01T00:00:00Z,NA
D03,DSNY,003,507,-1.66,2010-01-01T00:00:00Z,NA
D03,DSNY,003,508,-1.96,2010-01-01T00:00:00Z,NA
D03,DSNY,004,501,-0.06,2010-01-01T00:00:00Z,NA
D03,DSNY,004,502,-0.16,2010-01-01T00:00:00Z,NA
D03,DSNY,004,503,-0.26,2010-01-01T00:00:00Z,NA
D03,DSNY,004,504,-0.36,2010-01-01T00:00:00Z,NA
D03,DSNY,004,505,-0.56,2010-01-01T00:00:00Z,NA
D03,DSNY,004,506,-1.06,2010-01-01T00:00:00Z,NA
D03,DSNY,004,507,-1.66,2010-01-01T00:00:00Z,NA
D03,DSNY,004,508,-1.96,2010-01-01T00:00:00Z,NA
D03,DSNY,005,501,-0.06,2010-01-01T00:00:00Z,NA
D03,DSNY,005,502,-0.16,2010-01-01T00:00:00Z,NA
D03,DSNY,005,503,-0.26,2010-01-01T00:00:00Z,NA
D03,DSNY,005,504,-0.36,2010-01-01T00:00:00Z,NA
D03,DSNY,005,505,-0.56,2010-01-01T00:00:00Z,NA
D03,DSNY,005,506,-1.06,2010-01-01T00:00:00Z,NA
D03,DSNY,005,507,-1.66,2010-01-01T00:00:00Z,NA
D03,DSNY,005,508,-1.96,2010-01-01T00:00:00Z,NA
D03,JERC,001,501,-0.06,2010-01-01T00:00:00Z,NA
D03,JERC,001,502,-0.16,2010-01-01T00:00:00Z,NA
D03,JERC,001,503,-0.26,2010-01-01T00:00:00Z,NA
D03,JERC,001,504,-0.46,2010-01-01T00:00:00Z,NA
D03,JERC,001,505,-0.76,2010-01-01T00:00:00Z,NA
D03,JERC,001,506,-0.96,2010-01-01T00:00:00Z,NA
D03,JERC,001,507,-1.46,2010-01-01T00:00:00Z,NA
D03,JERC,001,508,-1.96,2010-01-01T00:00:00Z,NA
D03,JERC,002,501,-0.06,2010-01-01T00:00:00Z,NA
D03,JERC,002,502,-0.16,2010-01-01T00:00:00Z,NA
D03,JERC,002,503,-0.26,2010-01-01T00:00:00Z,NA
D03,JERC,002,504,-0.46,2010-01-01T00:00:00Z,NA
D03,JERC,002,505,-0.76,2010-01-01T00:00:00Z,NA
D03,JERC,002,506,-0.96,2010-01-01T00:00:00Z,NA
D03,JERC,002,507,-1.46,2010-01-01T00:00:00Z,NA
D03,JERC,002,508,-1.96,2010-01-01T00:00:00Z,NA
D03,JERC,003,501,-0.06,2010-01-01T00:00:00Z,NA
D03,JERC,003,502,-0.16,2010-01-01T00:00:00Z,NA
D03,JERC,003,503,-0.26,2010-01-01T00:00:00Z,NA
D03,JERC,003,504,-0.46,2010-01-01T00:00:00Z,NA
D03,JERC,003,505,-0.76,2010-01-01T00:00:00Z,NA
D03,JERC,003,506,-0.96,2010-01-01T00:00:00Z,NA
D03,JERC,003,507,-1.46,2010-01-01T00:00:00Z,NA
D03,JERC,003,508,-1.96,2010-01-01T00:00:00Z,NA
D03,JERC,004,501,-0.06,2010-01-01T00:00:00Z,NA
D03,JERC,004,502,-0.16,2010-01-01T00:00:00Z,NA
D03,JERC,004,503,-0.26,2010-01-01T00:00:00Z,NA
D03,JERC,004,504,-0.46,2010-01-01T00:00:00Z,NA
D03,JERC,004,505,-0.76,2010-01-01T00:00:00Z,NA
D03,JERC,004,506,-0.96,2010-01-01T00:00:00Z,NA
D03,JERC,004,507,-1.46,2010-01-01T00:00:00Z,NA
D03,JERC,004,508,-1.96,2010-01-01T00:00:00Z,NA
D03,JERC,005,501,-0.06,2010-01-01T00:00:00Z,NA
D03,JERC,005,502,-0.16,2010-01-01T00:00:00Z,NA
D03,JERC,005,503,-0.26,2010-01-01T00:00:00Z,NA
D03,JERC,005,504,-0.46,2010-01-01T00:00:00Z,NA
D03,JERC,005,505,-0.76,2010-01-01T00:00:00Z,NA
D03,JERC,005,506,-0.96,2010-01-01T00:00:00Z,NA
D03,JERC,005,507,-1.46,2010-01-01T00:00:00Z,NA
D03,JERC,005,508,-1.96,2010-01-01T00:00:00Z,NA
D03,OSBS,001,501,-0.07,2010-01-01T00:00:00Z,NA
D03,OSBS,001,502,-0.17,2010-01-01T00:00:00Z,NA
D03,OSBS,001,503,-0.27,2010-01-01T00:00:00Z,NA
D03,OSBS,001,504,-0.57,2010-01-01T00:00:00Z,NA
D03,OSBS,001,505,-0.77,2010-01-01T00:00:00Z,NA
D03,OSBS,001,506,-0.97,2010-01-01T00:00:00Z,NA
D03,OSBS,001,507,-1.57,2010-01-01T00:00:00Z,NA
D03,OSBS,001,508,-1.97,2010-01-01T00:00:00Z,NA
D03,OSBS,002,501,-0.06,2010-01-01T00:00:00Z,NA
D03,OSBS,002,502,-0.16,2010-01-01T00:00:00Z,NA
D03,OSBS,002,503,-0.26,2010-01-01T00:00:00Z,NA
D03,OSBS,002,504,-0.56,2010-01-01T00:00:00Z,NA
D03,OSBS,002,505,-0.76,2010-01-01T00:00:00Z,NA
D03,OSBS,002,506,-0.96,2010-01-01T00:00:00Z,NA
D03,OSBS,002,507,-1.56,2010-01-01T00:00:00Z,NA
D03,OSBS,002,508,-1.96,2010-01-01T00:00:00Z,NA
D03,OSBS,003,501,-0.07,2010-01-01T00:00:00Z,NA
D03,OSBS,003,502,-0.17,2010-01-01T00:00:00Z,NA
D03,OSBS,003,503,-0.27,2010-01-01T00:00:00Z,NA
D03,OSBS,003,504,-0.57,2010-01-01T00:00:00Z,NA
D03,OSBS,003,505,-0.77,2010-01-01T00:00:00Z,NA
D03,OSBS,003,506,-0.97,2010-01-01T00:00:00Z,NA
D03,OSBS,003,507,-1.57,2010-01-01T00:00:00Z,NA
D03,OSBS,003,508,-1.97,2010-01-01T00:00:00Z,NA
D03,OSBS,004,501,-0.06,2010-01-01T00:00:00Z,NA
D03,OSBS,004,502,-0.16,2010-01-01T00:00:00Z,NA
D03,OSBS,004,503,-0.26,2010-01-01T00:00:00Z,NA
D03,OSBS,004,504,-0.56,2010-01-01T00:00:00Z,NA
D03,OSBS,004,505,-0.76,2010-01-01T00:00:00Z,NA
D03,OSBS,004,506,-0.96,2010-01-01T00:00:00Z,NA
D03,OSBS,004,507,-1.56,2010-01-01T00:00:00Z,NA
D03,OSBS,004,508,-1.96,2010-01-01T00:00:00Z,NA
D03,OSBS,005,501,-0.07,2010-01-01T00:00:00Z,NA
D03,OSBS,005,502,-0.17,2010-01-01T00:00:00Z,NA
D03,OSBS,005,503,-0.27,2010-01-01T00:00:00Z,NA
D03,OSBS,005,504,-0.57,2010-01-01T00:00:00Z,NA
D03,OSBS,005,505,-0.77,2010-01-01T00:00:00Z,NA
D03,OSBS,005,506,-0.97,2010-01-01T00:00:00Z,NA
D03,OSBS,005,507,-1.57,2010-01-01T00:00:00Z,NA
D03,OSBS,005,508,-1.97,2010-01-01T00:00:00Z,NA
D04,GUAN,001,501,-0.06,2010-01-01T00:00:00Z,NA
D04,GUAN,001,502,-0.16,2010-01-01T00:00:00Z,NA
D04,GUAN,001,503,-0.26,2010-01-01T00:00:00Z,NA
D04,GUAN,001,504,-0.46,2010-01-01T00:00:00Z,NA
D04,GUAN,001,505,-0.96,2010-01-01T00:00:00Z,NA
D04,GUAN,001,506,-1.16,2010-01-01T00:00:00Z,NA
D04,GUAN,001,507,-1.46,2010-01-01T00:00:00Z,NA
D04,GUAN,001,508,-1.96,2010-01-01T00:00:00Z,NA
D04,GUAN,002,501,-0.055,2010-01-01T00:00:00Z,NA
D04,GUAN,002,502,-0.155,2010-01-01T00:00:00Z,NA
D04,GUAN,002,503,-0.255,2010-01-01T00:00:00Z,NA
D04,GUAN,002,504,-0.455,2010-01-01T00:00:00Z,NA
D04,GUAN,002,505,-0.955,2010-01-01T00:00:00Z,NA
D04,GUAN,002,506,-1.155,2010-01-01T00:00:00Z,NA
D04,GUAN,002,507,-1.455,2010-01-01T00:00:00Z,NA
D04,GUAN,002,508,-1.955,2010-01-01T00:00:00Z,NA
D04,GUAN,003,501,-0.055,2010-01-01T00:00:00Z,NA
D04,GUAN,003,502,-0.155,2010-01-01T00:00:00Z,NA
D04,GUAN,003,503,-0.255,2010-01-01T00:00:00Z,NA
D04,GUAN,003,504,-0.455,2010-01-01T00:00:00Z,NA
D04,GUAN,003,505,-0.955,2010-01-01T00:00:00Z,NA
D04,GUAN,003,506,-1.155,2010-01-01T00:00:00Z,NA
D04,GUAN,003,507,-1.455,2010-01-01T00:00:00Z,NA
D04,GUAN,003,508,-1.955,2010-01-01T00:00:00Z,NA
D04,GUAN,004,501,-0.052,2010-01-01T00:00:00Z,NA
D04,GUAN,004,502,-0.152,2010-01-01T00:00:00Z,NA
D04,GUAN,004,503,-0.252,2010-01-01T00:00:00Z,NA
D04,GUAN,004,504,-0.452,2010-01-01T00:00:00Z,NA
D04,GUAN,004,505,-0.952,2010-01-01T00:00:00Z,NA
D04,GUAN,004,506,-1.152,2010-01-01T00:00:00Z,NA
D04,GUAN,004,507,-1.452,2010-01-01T00:00:00Z,NA
D04,GUAN,004,508,-1.952,2010-01-01T00:00:00Z,NA
D04,GUAN,005,501,-0.06,2010-01-01T00:00:00Z,NA
D04,GUAN,005,502,-0.16,2010-01-01T00:00:00Z,NA
D04,GUAN,005,503,-0.26,2010-01-01T00:00:00Z,NA
D04,GUAN,005,504,-0.46,2010-01-01T00:00:00Z,NA
D04,GUAN,005,505,-0.96,2010-01-01T00:00:00Z,NA
D04,GUAN,005,506,-1.16,2010-01-01T00:00:00Z,NA
D04,GUAN,005,507,-1.46,2010-01-01T00:00:00Z,NA
D04,GUAN,005,508,-1.96,2010-01-01T00:00:00Z,NA
D04,LAJA,001,501,-0.065,2010-01-01T00:00:00Z,NA
D04,LAJA,001,502,-0.165,2010-01-01T00:00:00Z,NA
D04,LAJA,001,503,-0.265,2010-01-01T00:00:00Z,NA
D04,LAJA,001,504,-0.565,2010-01-01T00:00:00Z,NA
D04,LAJA,001,505,-0.965,2010-01-01T00:00:00Z,NA
D04,LAJA,001,506,-1.265,2010-01-01T00:00:00Z,NA
D04,LAJA,001,507,-1.665,2010-01-01T00:00:00Z,NA
D04,LAJA,001,508,-1.965,2010-01-01T00:00:00Z,NA
D04,LAJA,002,501,-0.06,2010-01-01T00:00:00Z,NA
D04,LAJA,002,502,-0.16,2010-01-01T00:00:00Z,NA
D04,LAJA,002,503,-0.26,2010-01-01T00:00:00Z,NA
D04,LAJA,002,504,-0.56,2010-01-01T00:00:00Z,NA
D04,LAJA,002,505,-0.96,2010-01-01T00:00:00Z,NA
D04,LAJA,002,506,-1.26,2010-01-01T00:00:00Z,NA
D04,LAJA,002,507,-1.66,2010-01-01T00:00:00Z,NA
D04,LAJA,002,508,-1.96,2010-01-01T00:00:00Z,NA
D04,LAJA,003,501,-0.06,2010-01-01T00:00:00Z,NA
D04,LAJA,003,502,-0.16,2010-01-01T00:00:00Z,NA
D04,LAJA,003,503,-0.26,2010-01-01T00:00:00Z,NA
D04,LAJA,003,504,-0.56,2010-01-01T00:00:00Z,NA
D04,LAJA,003,505,-0.96,2010-01-01T00:00:00Z,NA
D04,LAJA,003,506,-1.26,2010-01-01T00:00:00Z,NA
D04,LAJA,003,507,-1.66,2010-01-01T00:00:00Z,NA
D04,LAJA,003,508,-1.96,2010-01-01T00:00:00Z,NA
D04,LAJA,004,501,-0.06,2010-01-01T00:00:00Z,NA
D04,LAJA,004,502,-0.16,2010-01-01T00:00:00Z,NA
D04,LAJA,004,503,-0.26,2010-01-01T00:00:00Z,NA
D04,LAJA,004,504,-0.56,2010-01-01T00:00:00Z,NA
D04,LAJA,004,505,-0.96,2010-01-01T00:00:00Z,NA
D04,LAJA,004,506,-1.26,2010-01-01T00:00:00Z,NA
D04,LAJA,004,507,-1.66,2010-01-01T00:00:00Z,NA
D04,LAJA,004,508,-1.96,2010-01-01T00:00:00Z,NA
D04,LAJA,005,501,-0.055,2010-01-01T00:00:00Z,NA
D04,LAJA,005,502,-0.155,2010-01-01T00:00:00Z,NA
D04,LAJA,005,503,-0.255,2010-01-01T00:00:00Z,NA
D04,LAJA,005,504,-0.555,2010-01-01T00:00:00Z,NA
D04,LAJA,005,505,-0.955,2010-01-01T00:00:00Z,NA
D04,LAJA,005,506,-1.255,2010-01-01T00:00:00Z,NA
D04,LAJA,005,507,-1.655,2010-01-01T00:00:00Z,NA
D04,LAJA,005,508,-1.955,2010-01-01T00:00:00Z,NA
D05,STEI,001,501,-0.063,2010-01-01T00:00:00Z,NA
D05,STEI,001,502,-0.163,2010-01-01T00:00:00Z,NA
D05,STEI,001,503,-0.263,2010-01-01T00:00:00Z,NA
D05,STEI,001,504,-0.463,2010-01-01T00:00:00Z,NA
D05,STEI,001,505,-0.663,2010-01-01T00:00:00Z,NA
D05,STEI,001,506,-0.963,2010-01-01T00:00:00Z,NA
D05,STEI,001,507,-1.263,2010-01-01T00:00:00Z,NA
D05,STEI,001,508,-1.963,2010-01-01T00:00:00Z,NA
D05,STEI,002,501,-0.065,2010-01-01T00:00:00Z,NA
D05,STEI,002,502,-0.165,2010-01-01T00:00:00Z,NA
D05,STEI,002,503,-0.265,2010-01-01T00:00:00Z,NA
D05,STEI,002,504,-0.465,2010-01-01T00:00:00Z,NA
D05,STEI,002,505,-0.665,2010-01-01T00:00:00Z,NA
D05,STEI,002,506,-0.965,2010-01-01T00:00:00Z,NA
D05,STEI,002,507,-1.265,2010-01-01T00:00:00Z,NA
D05,STEI,002,508,-1.965,2010-01-01T00:00:00Z,NA
D05,STEI,003,501,-0.06,2010-01-01T00:00:00Z,NA
D05,STEI,003,502,-0.16,2010-01-01T00:00:00Z,NA
D05,STEI,003,503,-0.26,2010-01-01T00:00:00Z,NA
D05,STEI,003,504,-0.46,2010-01-01T00:00:00Z,NA
D05,STEI,003,505,-0.66,2010-01-01T00:00:00Z,NA
D05,STEI,003,506,-0.96,2010-01-01T00:00:00Z,NA
D05,STEI,003,507,-1.26,2010-01-01T00:00:00Z,NA
D05,STEI,003,508,-1.96,2010-01-01T00:00:00Z,NA
D05,STEI,004,501,-0.07,2010-01-01T00:00:00Z,NA
D05,STEI,004,502,-0.17,2010-01-01T00:00:00Z,NA
D05,STEI,004,503,-0.27,2010-01-01T00:00:00Z,NA
D05,STEI,004,504,-0.47,2010-01-01T00:00:00Z,NA
D05,STEI,004,505,-0.67,2010-01-01T00:00:00Z,NA
D05,STEI,004,506,-0.97,2010-01-01T00:00:00Z,NA
D05,STEI,004,507,-1.27,2010-01-01T00:00:00Z,NA
D05,STEI,004,508,-1.97,2010-01-01T00:00:00Z,NA
D05,STEI,005,501,-0.063,2010-01-01T00:00:00Z,NA
D05,STEI,005,502,-0.163,2010-01-01T00:00:00Z,NA
D05,STEI,005,503,-0.263,2010-01-01T00:00:00Z,NA
D05,STEI,005,504,-0.463,2010-01-01T00:00:00Z,NA
D05,STEI,005,505,-0.663,2010-01-01T00:00:00Z,NA
D05,STEI,005,506,-0.963,2010-01-01T00:00:00Z,NA
D05,STEI,005,507,-1.263,2010-01-01T00:00:00Z,NA
D05,STEI,005,508,-1.963,2010-01-01T00:00:00Z,NA
D05,TREE,001,501,-0.06,2010-01-01T00:00:00Z,NA
D05,TREE,001,502,-0.16,2010-01-01T00:00:00Z,NA
D05,TREE,001,503,-0.26,2010-01-01T00:00:00Z,NA
D05,TREE,001,504,-0.46,2010-01-01T00:00:00Z,NA
D05,TREE,001,505,-0.56,2010-01-01T00:00:00Z,NA
D05,TREE,001,506,-0.86,2010-01-01T00:00:00Z,NA
D05,TREE,001,507,-1.36,2010-01-01T00:00:00Z,NA
D05,TREE,001,508,-1.96,2010-01-01T00:00:00Z,NA
D05,TREE,002,501,-0.07,2010-01-01T00:00:00Z,NA
D05,TREE,002,502,-0.17,2010-01-01T00:00:00Z,NA
D05,TREE,002,503,-0.27,2010-01-01T00:00:00Z,NA
D05,TREE,002,504,-0.47,2010-01-01T00:00:00Z,NA
D05,TREE,002,505,-0.57,2010-01-01T00:00:00Z,NA
D05,TREE,002,506,-0.87,2010-01-01T00:00:00Z,NA
D05,TREE,002,507,-1.37,2010-01-01T00:00:00Z,NA
D05,TREE,002,508,-1.97,2010-01-01T00:00:00Z,NA
D05,TREE,003,501,-0.07,2010-01-01T00:00:00Z,NA
D05,TREE,003,502,-0.17,2010-01-01T00:00:00Z,NA
D05,TREE,003,503,-0.27,2010-01-01T00:00:00Z,NA
D05,TREE,003,504,-0.47,2010-01-01T00:00:00Z,NA
D05,TREE,003,505,-0.57,2010-01-01T00:00:00Z,NA
D05,TREE,003,506,-0.87,2010-01-01T00:00:00Z,NA
D05,TREE,003,507,-1.37,2010-01-01T00:00:00Z,NA
D05,TREE,003,508,-1.97,2010-01-01T00:00:00Z,NA
D05,TREE,004,501,-0.06,2010-01-01T00:00:00Z,NA
D05,TREE,004,502,-0.16,2010-01-01T00:00:00Z,NA
D05,TREE,004,503,-0.26,2010-01-01T00:00:00Z,NA
D05,TREE,004,504,-0.46,2010-01-01T00:00:00Z,NA
D05,TREE,004,505,-0.56,2010-01-01T00:00:00Z,NA
D05,TREE,004,506,-0.86,2010-01-01T00:00:00Z,NA
D05,TREE,004,507,-1.36,2010-01-01T00:00:00Z,NA
D05,TREE,004,508,-1.96,2010-01-01T00:00:00Z,NA
D05,TREE,005,501,-0.06,2010-01-01T00:00:00Z,NA
D05,TREE,005,502,-0.16,2010-01-01T00:00:00Z,NA
D05,TREE,005,503,-0.26,2010-01-01T00:00:00Z,NA
D05,TREE,005,504,-0.46,2010-01-01T00:00:00Z,NA
D05,TREE,005,505,-0.56,2010-01-01T00:00:00Z,NA
D05,TREE,005,506,-0.86,2010-01-01T00:00:00Z,NA
D05,TREE,005,507,-1.36,2010-01-01T00:00:00Z,NA
D05,TREE,005,508,-1.96,2010-01-01T00:00:00Z,NA
D05,UNDE,001,501,-0.07,2010-01-01T00:00:00Z,NA
D05,UNDE,001,502,-0.17,2010-01-01T00:00:00Z,NA
D05,UNDE,001,503,-0.27,2010-01-01T00:00:00Z,NA
D05,UNDE,001,504,-0.37,2010-01-01T00:00:00Z,NA
D05,UNDE,001,505,-0.57,2010-01-01T00:00:00Z,NA
D05,UNDE,001,506,-0.87,2010-01-01T00:00:00Z,NA
D05,UNDE,001,507,-1.27,2010-01-01T00:00:00Z,NA
D05,UNDE,001,508,-1.97,2010-01-01T00:00:00Z,NA
D05,UNDE,002,501,-0.06,2010-01-01T00:00:00Z,NA
D05,UNDE,002,502,-0.16,2010-01-01T00:00:00Z,NA
D05,UNDE,002,503,-0.26,2010-01-01T00:00:00Z,NA
D05,UNDE,002,504,-0.36,2010-01-01T00:00:00Z,NA
D05,UNDE,002,505,-0.56,2010-01-01T00:00:00Z,NA
D05,UNDE,002,506,-0.86,2010-01-01T00:00:00Z,NA
D05,UNDE,002,507,-1.26,2010-01-01T00:00:00Z,NA
D05,UNDE,002,508,-1.96,2010-01-01T00:00:00Z,NA
D05,UNDE,003,501,-0.07,2010-01-01T00:00:00Z,NA
D05,UNDE,003,502,-0.17,2010-01-01T00:00:00Z,NA
D05,UNDE,003,503,-0.27,2010-01-01T00:00:00Z,NA
D05,UNDE,003,504,-0.37,2010-01-01T00:00:00Z,NA
D05,UNDE,003,505,-0.57,2010-01-01T00:00:00Z,NA
D05,UNDE,003,506,-0.87,2010-01-01T00:00:00Z,NA
D05,UNDE,003,507,-1.27,2010-01-01T00:00:00Z,NA
D05,UNDE,003,508,-1.97,2010-01-01T00:00:00Z,NA
D05,UNDE,004,501,-0.07,2010-01-01T00:00:00Z,NA
D05,UNDE,004,502,-0.17,2010-01-01T00:00:00Z,NA
D05,UNDE,004,503,-0.27,2010-01-01T00:00:00Z,NA
D05,UNDE,004,504,-0.37,2010-01-01T00:00:00Z,NA
D05,UNDE,004,505,-0.57,2010-01-01T00:00:00Z,NA
D05,UNDE,004,506,-0.87,2010-01-01T00:00:00Z,NA
D05,UNDE,004,507,-1.27,2010-01-01T00:00:00Z,NA
D05,UNDE,004,508,-1.97,2010-01-01T00:00:00Z,NA
D05,UNDE,005,501,-0.06,2010-01-01T00:00:00Z,NA
D05,UNDE,005,502,-0.16,2010-01-01T00:00:00Z,NA
D05,UNDE,005,503,-0.26,2010-01-01T00:00:00Z,NA
D05,UNDE,005,504,-0.36,2010-01-01T00:00:00Z,NA
D05,UNDE,005,505,-0.56,2010-01-01T00:00:00Z,NA
D05,UNDE,005,506,-0.86,2010-01-01T00:00:00Z,NA
D05,UNDE,005,507,-1.26,2010-01-01T00:00:00Z,NA
D05,UNDE,005,508,-1.96,2010-01-01T00:00:00Z,NA
D06,KONA,001,501,-0.053,2010-01-01T00:00:00Z,NA
D06,KONA,001,502,-0.153,2010-01-01T00:00:00Z,NA
D06,KONA,001,503,-0.253,2010-01-01T00:00:00Z,NA
D06,KONA,001,504,-0.453,2010-01-01T00:00:00Z,NA
D06,KONA,001,505,-0.753,2010-01-01T00:00:00Z,NA
D06,KONA,001,506,-1.053,2010-01-01T00:00:00Z,NA
D06,KONA,001,507,-1.353,2010-01-01T00:00:00Z,NA
D06,KONA,001,508,-1.953,2010-01-01T00:00:00Z,NA
D06,KONA,002,501,-0.06,2010-01-01T00:00:00Z,NA
D06,KONA,002,502,-0.16,2010-01-01T00:00:00Z,NA
D06,KONA,002,503,-0.26,2010-01-01T00:00:00Z,NA
D06,KONA,002,504,-0.46,2010-01-01T00:00:00Z,NA
D06,KONA,002,505,-0.76,2010-01-01T00:00:00Z,NA
D06,KONA,002,506,-1.06,2010-01-01T00:00:00Z,NA
D06,KONA,002,507,-1.36,2010-01-01T00:00:00Z,NA
D06,KONA,002,508,-1.96,2010-01-01T00:00:00Z,NA
D06,KONA,003,501,-0.065,2010-01-01T00:00:00Z,NA
D06,KONA,003,502,-0.165,2010-01-01T00:00:00Z,NA
D06,KONA,003,503,-0.265,2010-01-01T00:00:00Z,NA
D06,KONA,003,504,-0.465,2010-01-01T00:00:00Z,NA
D06,KONA,003,505,-0.765,2010-01-01T00:00:00Z,NA
D06,KONA,003,506,-1.065,2010-01-01T00:00:00Z,NA
D06,KONA,003,507,-1.365,2010-01-01T00:00:00Z,NA
D06,KONA,003,508,-1.965,2010-01-01T00:00:00Z,NA
D06,KONA,004,501,-0.05,2010-01-01T00:00:00Z,NA
D06,KONA,004,502,-0.15,2010-01-01T00:00:00Z,NA
D06,KONA,004,503,-0.25,2010-01-01T00:00:00Z,NA
D06,KONA,004,504,-0.45,2010-01-01T00:00:00Z,NA
D06,KONA,004,505,-0.75,2010-01-01T00:00:00Z,NA
D06,KONA,004,506,-1.05,2010-01-01T00:00:00Z,NA
D06,KONA,004,507,-1.35,2010-01-01T00:00:00Z,NA
D06,KONA,004,508,-1.95,2010-01-01T00:00:00Z,NA
D06,KONA,005,501,-0.055,2010-01-01T00:00:00Z,NA
D06,KONA,005,502,-0.155,2010-01-01T00:00:00Z,NA
D06,KONA,005,503,-0.255,2010-01-01T00:00:00Z,NA
D06,KONA,005,504,-0.455,2010-01-01T00:00:00Z,NA
D06,KONA,005,505,-0.755,2010-01-01T00:00:00Z,NA
D06,KONA,005,506,-1.055,2010-01-01T00:00:00Z,NA
D06,KONA,005,507,-1.355,2010-01-01T00:00:00Z,NA
D06,KONA,005,508,-1.955,2010-01-01T00:00:00Z,NA
D06,KONZ,001,501,-0.07,2010-01-01T00:00:00Z,NA
D06,KONZ,001,502,-0.17,2010-01-01T00:00:00Z,NA
D06,KONZ,001,503,-0.27,2010-01-01T00:00:00Z,NA
D06,KONZ,001,504,-0.47,2010-01-01T00:00:00Z,NA
D06,KONZ,001,505,-0.77,2010-01-01T00:00:00Z,NA
D06,KONZ,001,506,-1.07,2010-01-01T00:00:00Z,NA
D06,KONZ,001,507,-1.47,2010-01-01T00:00:00Z,NA
D06,KONZ,001,508,-1.97,2010-01-01T00:00:00Z,NA
D06,KONZ,002,501,-0.06,2010-01-01T00:00:00Z,NA
D06,KONZ,002,502,-0.16,2010-01-01T00:00:00Z,NA
D06,KONZ,002,503,-0.26,2010-01-01T00:00:00Z,NA
D06,KONZ,002,504,-0.46,2010-01-01T00:00:00Z,NA
D06,KONZ,002,505,-0.76,2010-01-01T00:00:00Z,NA
D06,KONZ,002,506,-1.06,2010-01-01T00:00:00Z,NA
D06,KONZ,002,507,-1.46,2010-01-01T00:00:00Z,NA
D06,KONZ,002,508,-1.96,2010-01-01T00:00:00Z,NA
D06,KONZ,003,501,-0.05,2010-01-01T00:00:00Z,NA
D06,KONZ,003,502,-0.15,2010-01-01T00:00:00Z,NA
D06,KONZ,003,503,-0.25,2010-01-01T00:00:00Z,NA
D06,KONZ,003,504,-0.45,2010-01-01T00:00:00Z,NA
D06,KONZ,003,505,-0.75,2010-01-01T00:00:00Z,NA
D06,KONZ,003,506,-1.05,2010-01-01T00:00:00Z,NA
D06,KONZ,003,507,-1.45,2010-01-01T00:00:00Z,NA
D06,KONZ,003,508,-1.95,2010-01-01T00:00:00Z,NA
D06,KONZ,004,501,-0.07,2010-01-01T00:00:00Z,NA
D06,KONZ,004,502,-0.17,2010-01-01T00:00:00Z,NA
D06,KONZ,004,503,-0.27,2010-01-01T00:00:00Z,NA
D06,KONZ,004,504,-0.37,2010-01-01T00:00:00Z,NA
D06,KONZ,004,505,-0.47,2010-01-01T00:00:00Z,NA
D06,KONZ,004,506,-0.57,2010-01-01T00:00:00Z,NA
D06,KONZ,004,507,-0.77,2010-01-01T00:00:00Z,NA
D06,KONZ,004,508,-1.07,2010-01-01T00:00:00Z,NA
D06,KONZ,005,501,-0.06,2010-01-01T00:00:00Z,NA
D06,KONZ,005,502,-0.16,2010-01-01T00:00:00Z,NA
D06,KONZ,005,503,-0.26,2010-01-01T00:00:00Z,NA
D06,KONZ,005,504,-0.46,2010-01-01T00:00:00Z,NA
D06,KONZ,005,505,-0.76,2010-01-01T00:00:00Z,NA
D06,KONZ,005,506,-1.06,2010-01-01T00:00:00Z,NA
D06,KONZ,005,507,-1.46,2010-01-01T00:00:00Z,NA
D06,KONZ,005,508,-1.96,2010-01-01T00:00:00Z,NA
D06,UKFS,001,501,-0.06,2010-01-01T00:00:00Z,NA
D06,UKFS,001,502,-0.16,2010-01-01T00:00:00Z,NA
D06,UKFS,001,503,-0.26,2010-01-01T00:00:00Z,NA
D06,UKFS,001,504,-0.36,2010-01-01T00:00:00Z,NA
D06,UKFS,001,505,-0.46,2010-01-01T00:00:00Z,NA
D06,UKFS,001,506,-0.56,2010-01-01T00:00:00Z,NA
D06,UKFS,001,507,-0.66,2010-01-01T00:00:00Z,NA
D06,UKFS,001,508,-0.86,2010-01-01T00:00:00Z,NA
D06,UKFS,002,501,-0.055,2010-01-01T00:00:00Z,NA
D06,UKFS,002,502,-0.155,2010-01-01T00:00:00Z,NA
D06,UKFS,002,503,-0.255,2010-01-01T00:00:00Z,NA
D06,UKFS,002,504,-0.355,2010-01-01T00:00:00Z,NA
D06,UKFS,002,505,-0.555,2010-01-01T00:00:00Z,NA
D06,UKFS,002,506,-0.855,2010-01-01T00:00:00Z,NA
D06,UKFS,002,507,-1.155,2010-01-01T00:00:00Z,NA
D06,UKFS,002,508,-1.955,2010-01-01T00:00:00Z,NA
D06,UKFS,003,501,-0.05,2010-01-01T00:00:00Z,NA
D06,UKFS,003,502,-0.15,2010-01-01T00:00:00Z,NA
D06,UKFS,003,503,-0.25,2010-01-01T00:00:00Z,NA
D06,UKFS,003,504,-0.35,2010-01-01T00:00:00Z,NA
D06,UKFS,003,505,-0.55,2010-01-01T00:00:00Z,NA
D06,UKFS,003,506,-0.85,2010-01-01T00:00:00Z,NA
D06,UKFS,003,507,-1.15,2010-01-01T00:00:00Z,NA
D06,UKFS,003,508,-1.95,2010-01-01T00:00:00Z,NA
D06,UKFS,004,501,-0.065,2010-01-01T00:00:00Z,NA
D06,UKFS,004,502,-0.165,2010-01-01T00:00:00Z,NA
D06,UKFS,004,503,-0.265,2010-01-01T00:00:00Z,NA
D06,UKFS,004,504,-0.365,2010-01-01T00:00:00Z,NA
D06,UKFS,004,505,-0.565,2010-01-01T00:00:00Z,NA
D06,UKFS,004,506,-0.865,2010-01-01T00:00:00Z,NA
D06,UKFS,004,507,-1.165,2010-01-01T00:00:00Z,NA
D06,UKFS,004,508,-1.965,2010-01-01T00:00:00Z,NA
D06,UKFS,005,501,-0.07,2010-01-01T00:00:00Z,NA
D06,UKFS,005,502,-0.17,2010-01-01T00:00:00Z,NA
D06,UKFS,005,503,-0.27,2010-01-01T00:00:00Z,NA
D06,UKFS,005,504,-0.37,2010-01-01T00:00:00Z,NA
D06,UKFS,005,505,-0.57,2010-01-01T00:00:00Z,NA
D06,UKFS,005,506,-0.87,2010-01-01T00:00:00Z,NA
D06,UKFS,005,507,-1.17,2010-01-01T00:00:00Z,NA
D06,UKFS,005,508,-1.87,2010-01-01T00:00:00Z,NA
D07,GRSM,001,501,-0.057,2010-01-01T00:00:00Z,NA
D07,GRSM,001,502,-0.157,2010-01-01T00:00:00Z,NA
D07,GRSM,001,503,-0.257,2010-01-01T00:00:00Z,NA
D07,GRSM,001,504,NA,2010-01-01T00:00:00Z,NA
D07,GRSM,001,505,NA,2010-01-01T00:00:00Z,NA
D07,GRSM,001,506,NA,2010-01-01T00:00:00Z,NA
D07,GRSM,001,507,NA,2010-01-01T00:00:00Z,NA
D07,GRSM,001,508,NA,2010-01-01T00:00:00Z,NA
D07,GRSM,002,501,-0.065,2010-01-01T00:00:00Z,NA
D07,GRSM,002,502,-0.165,2010-01-01T00:00:00Z,NA
D07,GRSM,002,503,NA,2010-01-01T00:00:00Z,NA
D07,GRSM,002,504,NA,2010-01-01T00:00:00Z,NA
D07,GRSM,002,505,NA,2010-01-01T00:00:00Z,NA
D07,GRSM,002,506,NA,2010-01-01T00:00:00Z,NA
D07,GRSM,002,507,NA,2010-01-01T00:00:00Z,NA
D07,GRSM,002,508,NA,2010-01-01T00:00:00Z,NA
D07,GRSM,003,501,-0.063,2010-01-01T00:00:00Z,NA
D07,GRSM,003,502,-0.163,2010-01-01T00:00:00Z,NA
D07,GRSM,003,503,-0.263,2010-01-01T00:00:00Z,NA
D07,GRSM,003,504,NA,2010-01-01T00:00:00Z,NA
D07,GRSM,003,505,NA,2010-01-01T00:00:00Z,NA
D07,GRSM,003,506,NA,2010-01-01T00:00:00Z,NA
D07,GRSM,003,507,NA,2010-01-01T00:00:00Z,NA
D07,GRSM,003,508,NA,2010-01-01T00:00:00Z,NA
D07,GRSM,004,501,-0.055,2010-01-01T00:00:00Z,NA
D07,GRSM,004,502,-0.155,2010-01-01T00:00:00Z,NA
D07,GRSM,004,503,-0.255,2010-01-01T00:00:00Z,NA
D07,GRSM,004,504,NA,2010-01-01T00:00:00Z,NA
D07,GRSM,004,505,NA,2010-01-01T00:00:00Z,NA
D07,GRSM,004,506,NA,2010-01-01T00:00:00Z,NA
D07,GRSM,004,507,NA,2010-01-01T00:00:00Z,NA
D07,GRSM,004,508,NA,2010-01-01T00:00:00Z,NA
D07,GRSM,005,501,-0.065,2010-01-01T00:00:00Z,NA
D07,GRSM,005,502,-0.165,2010-01-01T00:00:00Z,NA
D07,GRSM,005,503,-0.265,2010-01-01T00:00:00Z,NA
D07,GRSM,005,504,-0.365,2010-01-01T00:00:00Z,NA
D07,GRSM,005,505,-0.465,2010-01-01T00:00:00Z,NA
D07,GRSM,005,506,-0.565,2010-01-01T00:00:00Z,NA
D07,GRSM,005,507,-0.665,2010-01-01T00:00:00Z,NA
D07,GRSM,005,508,-0.865,2010-01-01T00:00:00Z,NA
D07,MLBS,001,501,-0.06,2010-01-01T00:00:00Z,NA
D07,MLBS,001,502,-0.16,2010-01-01T00:00:00Z,NA
D07,MLBS,001,503,-0.26,2010-01-01T00:00:00Z,NA
D07,MLBS,001,504,-0.36,2010-01-01T00:00:00Z,NA
D07,MLBS,001,505,-0.46,2010-01-01T00:00:00Z,NA
D07,MLBS,001,506,-0.56,2010-01-01T00:00:00Z,NA
D07,MLBS,001,507,-0.66,2010-01-01T00:00:00Z,NA
D07,MLBS,001,508,-0.86,2010-01-01T00:00:00Z,NA
D07,MLBS,002,501,-0.06,2010-01-01T00:00:00Z,NA
D07,MLBS,002,502,-0.16,2010-01-01T00:00:00Z,NA
D07,MLBS,002,503,-0.26,2010-01-01T00:00:00Z,NA
D07,MLBS,002,504,-0.36,2010-01-01T00:00:00Z,NA
D07,MLBS,002,505,-0.46,2010-01-01T00:00:00Z,NA
D07,MLBS,002,506,-0.66,2010-01-01T00:00:00Z,NA
D07,MLBS,002,507,-0.86,2010-01-01T00:00:00Z,NA
D07,MLBS,002,508,-1.26,2010-01-01T00:00:00Z,NA
D07,MLBS,003,501,-0.06,2010-01-01T00:00:00Z,NA
D07,MLBS,003,502,-0.16,2010-01-01T00:00:00Z,NA
D07,MLBS,003,503,-0.26,2010-01-01T00:00:00Z,NA
D07,MLBS,003,504,-0.36,2010-01-01T00:00:00Z,NA
D07,MLBS,003,505,-0.46,2010-01-01T00:00:00Z,NA
D07,MLBS,003,506,-0.56,2010-01-01T00:00:00Z,NA
D07,MLBS,003,507,-0.66,2010-01-01T00:00:00Z,NA
D07,MLBS,003,508,-0.86,2010-01-01T00:00:00Z,NA
D07,MLBS,004,501,-0.06,2010-01-01T00:00:00Z,NA
D07,MLBS,004,502,-0.16,2010-01-01T00:00:00Z,NA
D07,MLBS,004,503,-0.26,2010-01-01T00:00:00Z,NA
D07,MLBS,004,504,-0.36,2010-01-01T00:00:00Z,NA
D07,MLBS,004,505,-0.46,2010-01-01T00:00:00Z,NA
D07,MLBS,004,506,-0.66,2010-01-01T00:00:00Z,NA
D07,MLBS,004,507,NA,2010-01-01T00:00:00Z,NA
D07,MLBS,004,508,NA,2010-01-01T00:00:00Z,NA
D07,MLBS,005,501,-0.06,2010-01-01T00:00:00Z,NA
D07,MLBS,005,502,-0.16,2010-01-01T00:00:00Z,NA
D07,MLBS,005,503,-0.26,2010-01-01T00:00:00Z,NA
D07,MLBS,005,504,-0.36,2010-01-01T00:00:00Z,NA
D07,MLBS,005,505,-0.46,2010-01-01T00:00:00Z,NA
D07,MLBS,005,506,-0.56,2010-01-01T00:00:00Z,NA
D07,MLBS,005,507,NA,2010-01-01T00:00:00Z,NA
D07,MLBS,005,508,NA,2010-01-01T00:00:00Z,NA
D07,ORNL,001,501,-0.06,2010-01-01T00:00:00Z,NA
D07,ORNL,001,502,-0.16,2010-01-01T00:00:00Z,NA
D07,ORNL,001,503,-0.26,2010-01-01T00:00:00Z,NA
D07,ORNL,001,504,-0.56,2010-01-01T00:00:00Z,NA
D07,ORNL,001,505,-0.86,2010-01-01T00:00:00Z,NA
D07,ORNL,001,506,-1.26,2010-01-01T00:00:00Z,NA
D07,ORNL,001,507,-1.66,2010-01-01T00:00:00Z,NA
D07,ORNL,001,508,-1.96,2010-01-01T00:00:00Z,NA
D07,ORNL,002,501,-0.06,2010-01-01T00:00:00Z,NA
D07,ORNL,002,502,-0.16,2010-01-01T00:00:00Z,NA
D07,ORNL,002,503,-0.26,2010-01-01T00:00:00Z,NA
D07,ORNL,002,504,-0.56,2010-01-01T00:00:00Z,NA
D07,ORNL,002,505,-0.86,2010-01-01T00:00:00Z,NA
D07,ORNL,002,506,-1.26,2010-01-01T00:00:00Z,NA
D07,ORNL,002,507,-1.66,2010-01-01T00:00:00Z,NA
D07,ORNL,002,508,-1.96,2010-01-01T00:00:00Z,NA
D07,ORNL,003,501,-0.055,2010-01-01T00:00:00Z,NA
D07,ORNL,003,502,-0.155,2010-01-01T00:00:00Z,NA
D07,ORNL,003,503,-0.255,2010-01-01T00:00:00Z,NA
D07,ORNL,003,504,-0.555,2010-01-01T00:00:00Z,NA
D07,ORNL,003,505,-0.855,2010-01-01T00:00:00Z,NA
D07,ORNL,003,506,-1.255,2010-01-01T00:00:00Z,NA
D07,ORNL,003,507,-1.655,2010-01-01T00:00:00Z,NA
D07,ORNL,003,508,-1.955,2010-01-01T00:00:00Z,NA
D07,ORNL,004,501,-0.055,2010-01-01T00:00:00Z,NA
D07,ORNL,004,502,-0.155,2010-01-01T00:00:00Z,NA
D07,ORNL,004,503,-0.255,2010-01-01T00:00:00Z,NA
D07,ORNL,004,504,-0.555,2010-01-01T00:00:00Z,NA
D07,ORNL,004,505,-0.855,2010-01-01T00:00:00Z,NA
D07,ORNL,004,506,-1.255,2010-01-01T00:00:00Z,NA
D07,ORNL,004,507,-1.655,2010-01-01T00:00:00Z,NA
D07,ORNL,004,508,-1.955,2010-01-01T00:00:00Z,NA
D07,ORNL,005,501,-0.065,2010-01-01T00:00:00Z,NA
D07,ORNL,005,502,-0.165,2010-01-01T00:00:00Z,NA
D07,ORNL,005,503,-0.265,2010-01-01T00:00:00Z,NA
D07,ORNL,005,504,-0.565,2010-01-01T00:00:00Z,NA
D07,ORNL,005,505,-0.865,2010-01-01T00:00:00Z,NA
D07,ORNL,005,506,-1.265,2010-01-01T00:00:00Z,NA
D07,ORNL,005,507,-1.665,2010-01-01T00:00:00Z,NA
D07,ORNL,005,508,-1.965,2010-01-01T00:00:00Z,NA
D08,DELA,001,501,-0.06,2010-01-01T00:00:00Z,NA
D08,DELA,001,502,-0.16,2010-01-01T00:00:00Z,NA
D08,DELA,001,503,-0.26,2010-01-01T00:00:00Z,NA
D08,DELA,001,504,-0.46,2010-01-01T00:00:00Z,NA
D08,DELA,001,505,-0.66,2010-01-01T00:00:00Z,NA
D08,DELA,001,506,-1.16,2010-01-01T00:00:00Z,NA
D08,DELA,001,507,-1.66,2010-01-01T00:00:00Z,NA
D08,DELA,001,508,-1.96,2010-01-01T00:00:00Z,NA
D08,DELA,002,501,-0.07,2010-01-01T00:00:00Z,NA
D08,DELA,002,502,-0.17,2010-01-01T00:00:00Z,NA
D08,DELA,002,503,-0.27,2010-01-01T00:00:00Z,NA
D08,DELA,002,504,-0.47,2010-01-01T00:00:00Z,NA
D08,DELA,002,505,-0.67,2010-01-01T00:00:00Z,NA
D08,DELA,002,506,-1.17,2010-01-01T00:00:00Z,NA
D08,DELA,002,507,-1.67,2010-01-01T00:00:00Z,NA
D08,DELA,002,508,-1.97,2010-01-01T00:00:00Z,NA
D08,DELA,003,501,-0.05,2010-01-01T00:00:00Z,NA
D08,DELA,003,502,-0.15,2010-01-01T00:00:00Z,NA
D08,DELA,003,503,-0.25,2010-01-01T00:00:00Z,NA
D08,DELA,003,504,-0.45,2010-01-01T00:00:00Z,NA
D08,DELA,003,505,-0.65,2010-01-01T00:00:00Z,NA
D08,DELA,003,506,-1.15,2010-01-01T00:00:00Z,NA
D08,DELA,003,507,-1.65,2010-01-01T00:00:00Z,NA
D08,DELA,003,508,-1.95,2010-01-01T00:00:00Z,NA
D08,DELA,004,501,-0.06,2010-01-01T00:00:00Z,NA
D08,DELA,004,502,-0.16,2010-01-01T00:00:00Z,NA
D08,DELA,004,503,-0.26,2010-01-01T00:00:00Z,NA
D08,DELA,004,504,-0.46,2010-01-01T00:00:00Z,NA
D08,DELA,004,505,-0.66,2010-01-01T00:00:00Z,NA
D08,DELA,004,506,-1.16,2010-01-01T00:00:00Z,NA
D08,DELA,004,507,-1.66,2010-01-01T00:00:00Z,NA
D08,DELA,004,508,-1.96,2010-01-01T00:00:00Z,NA
D08,DELA,005,501,-0.055,2010-01-01T00:00:00Z,NA
D08,DELA,005,502,-0.155,2010-01-01T00:00:00Z,NA
D08,DELA,005,503,-0.255,2010-01-01T00:00:00Z,NA
D08,DELA,005,504,-0.455,2010-01-01T00:00:00Z,NA
D08,DELA,005,505,-0.655,2010-01-01T00:00:00Z,NA
D08,DELA,005,506,-1.155,2010-01-01T00:00:00Z,NA
D08,DELA,005,507,-1.655,2010-01-01T00:00:00Z,NA
D08,DELA,005,508,-1.955,2010-01-01T00:00:00Z,NA
D08,LENO,001,501,-0.07,2010-01-01T00:00:00Z,NA
D08,LENO,001,502,-0.17,2010-01-01T00:00:00Z,NA
D08,LENO,001,503,-0.27,2010-01-01T00:00:00Z,NA
D08,LENO,001,504,-0.37,2010-01-01T00:00:00Z,NA
D08,LENO,001,505,-0.77,2010-01-01T00:00:00Z,NA
D08,LENO,001,506,-1.27,2010-01-01T00:00:00Z,NA
D08,LENO,001,507,-1.67,2010-01-01T00:00:00Z,NA
D08,LENO,001,508,-1.97,2010-01-01T00:00:00Z,NA
D08,LENO,002,501,-0.07,2010-01-01T00:00:00Z,NA
D08,LENO,002,502,-0.17,2010-01-01T00:00:00Z,NA
D08,LENO,002,503,-0.27,2010-01-01T00:00:00Z,NA
D08,LENO,002,504,-0.37,2010-01-01T00:00:00Z,NA
D08,LENO,002,505,-0.77,2010-01-01T00:00:00Z,NA
D08,LENO,002,506,-1.27,2010-01-01T00:00:00Z,NA
D08,LENO,002,507,-1.67,2010-01-01T00:00:00Z,NA
D08,LENO,002,508,-1.97,2010-01-01T00:00:00Z,NA
D08,LENO,003,501,-0.055,2010-01-01T00:00:00Z,NA
D08,LENO,003,502,-0.155,2010-01-01T00:00:00Z,NA
D08,LENO,003,503,-0.255,2010-01-01T00:00:00Z,NA
D08,LENO,003,504,-0.355,2010-01-01T00:00:00Z,NA
D08,LENO,003,505,-0.755,2010-01-01T00:00:00Z,NA
D08,LENO,003,506,-1.255,2010-01-01T00:00:00Z,NA
D08,LENO,003,507,-1.655,2010-01-01T00:00:00Z,NA
D08,LENO,003,508,-1.955,2010-01-01T00:00:00Z,NA
D08,LENO,004,501,-0.06,2010-01-01T00:00:00Z,NA
D08,LENO,004,502,-0.16,2010-01-01T00:00:00Z,NA
D08,LENO,004,503,-0.26,2010-01-01T00:00:00Z,NA
D08,LENO,004,504,-0.36,2010-01-01T00:00:00Z,NA
D08,LENO,004,505,-0.76,2010-01-01T00:00:00Z,NA
D08,LENO,004,506,-1.26,2010-01-01T00:00:00Z,NA
D08,LENO,004,507,-1.66,2010-01-01T00:00:00Z,NA
D08,LENO,004,508,-1.96,2010-01-01T00:00:00Z,NA
D08,LENO,005,501,-0.06,2010-01-01T00:00:00Z,NA
D08,LENO,005,502,-0.16,2010-01-01T00:00:00Z,NA
D08,LENO,005,503,-0.26,2010-01-01T00:00:00Z,NA
D08,LENO,005,504,-0.36,2010-01-01T00:00:00Z,NA
D08,LENO,005,505,-0.76,2010-01-01T00:00:00Z,NA
D08,LENO,005,506,-1.26,2010-01-01T00:00:00Z,NA
D08,LENO,005,507,-1.66,2010-01-01T00:00:00Z,NA
D08,LENO,005,508,-1.96,2010-01-01T00:00:00Z,NA
D08,TALL,001,501,-0.05,2010-01-01T00:00:00Z,NA
D08,TALL,001,502,-0.15,2010-01-01T00:00:00Z,NA
D08,TALL,001,503,-0.25,2010-01-01T00:00:00Z,NA
D08,TALL,001,504,-0.55,2010-01-01T00:00:00Z,NA
D08,TALL,001,505,-0.85,2010-01-01T00:00:00Z,NA
D08,TALL,001,506,-1.15,2010-01-01T00:00:00Z,NA
D08,TALL,001,507,-1.55,2010-01-01T00:00:00Z,NA
D08,TALL,001,508,-1.95,2010-01-01T00:00:00Z,NA
D08,TALL,002,501,-0.04,2010-01-01T00:00:00Z,NA
D08,TALL,002,502,-0.14,2010-01-01T00:00:00Z,NA
D08,TALL,002,503,-0.24,2010-01-01T00:00:00Z,NA
D08,TALL,002,504,-0.34,2010-01-01T00:00:00Z,NA
D08,TALL,002,505,-0.44,2010-01-01T00:00:00Z,NA
D08,TALL,002,506,-0.54,2010-01-01T00:00:00Z,NA
D08,TALL,002,507,-0.84,2010-01-01T00:00:00Z,NA
D08,TALL,002,508,-1.04,2010-01-01T00:00:00Z,NA
D08,TALL,003,501,-0.05,2010-01-01T00:00:00Z,NA
D08,TALL,003,502,-0.15,2010-01-01T00:00:00Z,NA
D08,TALL,003,503,-0.25,2010-01-01T00:00:00Z,NA
D08,TALL,003,504,-0.55,2010-01-01T00:00:00Z,NA
D08,TALL,003,505,-0.85,2010-01-01T00:00:00Z,NA
D08,TALL,003,506,-1.15,2010-01-01T00:00:00Z,NA
D08,TALL,003,507,-1.55,2010-01-01T00:00:00Z,NA
D08,TALL,003,508,-1.95,2010-01-01T00:00:00Z,NA
D08,TALL,004,501,-0.05,2010-01-01T00:00:00Z,NA
D08,TALL,004,502,-0.15,2010-01-01T00:00:00Z,NA
D08,TALL,004,503,-0.25,2010-01-01T00:00:00Z,NA
D08,TALL,004,504,-0.55,2010-01-01T00:00:00Z,NA
D08,TALL,004,505,-0.85,2010-01-01T00:00:00Z,NA
D08,TALL,004,506,-1.15,2010-01-01T00:00:00Z,NA
D08,TALL,004,507,-1.55,2010-01-01T00:00:00Z,NA
D08,TALL,004,508,-1.95,2010-01-01T00:00:00Z,NA
D08,TALL,005,501,-0.05,2010-01-01T00:00:00Z,NA
D08,TALL,005,502,-0.15,2010-01-01T00:00:00Z,NA
D08,TALL,005,503,-0.25,2010-01-01T00:00:00Z,NA
D08,TALL,005,504,-0.55,2010-01-01T00:00:00Z,NA
D08,TALL,005,505,-0.85,2010-01-01T00:00:00Z,NA
D08,TALL,005,506,-1.15,2010-01-01T00:00:00Z,NA
D08,TALL,005,507,-1.55,2010-01-01T00:00:00Z,NA
D08,TALL,005,508,-1.95,2010-01-01T00:00:00Z,NA
D09,DCFS,001,501,-0.065,2010-01-01T00:00:00Z,NA
D09,DCFS,001,502,-0.165,2010-01-01T00:00:00Z,NA
D09,DCFS,001,503,-0.265,2010-01-01T00:00:00Z,NA
D09,DCFS,001,504,-0.365,2010-01-01T00:00:00Z,NA
D09,DCFS,001,505,-0.465,2010-01-01T00:00:00Z,NA
D09,DCFS,001,506,-0.765,2010-01-01T00:00:00Z,NA
D09,DCFS,001,507,-1.065,2010-01-01T00:00:00Z,NA
D09,DCFS,001,508,-1.865,2010-01-01T00:00:00Z,NA
D09,DCFS,002,501,-0.063,2010-01-01T00:00:00Z,NA
D09,DCFS,002,502,-0.163,2010-01-01T00:00:00Z,NA
D09,DCFS,002,503,-0.263,2010-01-01T00:00:00Z,NA
D09,DCFS,002,504,-0.363,2010-01-01T00:00:00Z,NA
D09,DCFS,002,505,-0.463,2010-01-01T00:00:00Z,NA
D09,DCFS,002,506,-0.763,2010-01-01T00:00:00Z,NA
D09,DCFS,002,507,-1.063,2010-01-01T00:00:00Z,NA
D09,DCFS,002,508,-1.963,2010-01-01T00:00:00Z,NA
D09,DCFS,003,501,-0.065,2010-01-01T00:00:00Z,NA
D09,DCFS,003,502,-0.165,2010-01-01T00:00:00Z,NA
D09,DCFS,003,503,-0.265,2010-01-01T00:00:00Z,NA
D09,DCFS,003,504,-0.365,2010-01-01T00:00:00Z,NA
D09,DCFS,003,505,-0.465,2010-01-01T00:00:00Z,NA
D09,DCFS,003,506,-0.765,2010-01-01T00:00:00Z,NA
D09,DCFS,003,507,-1.065,2010-01-01T00:00:00Z,NA
D09,DCFS,003,508,-1.965,2010-01-01T00:00:00Z,NA
D09,DCFS,004,501,-0.065,2010-01-01T00:00:00Z,NA
D09,DCFS,004,502,-0.165,2010-01-01T00:00:00Z,NA
D09,DCFS,004,503,-0.265,2010-01-01T00:00:00Z,NA
D09,DCFS,004,504,-0.365,2010-01-01T00:00:00Z,NA
D09,DCFS,004,505,-0.465,2010-01-01T00:00:00Z,NA
D09,DCFS,004,506,-0.765,2010-01-01T00:00:00Z,NA
D09,DCFS,004,507,-1.065,2010-01-01T00:00:00Z,NA
D09,DCFS,004,508,-1.965,2010-01-01T00:00:00Z,NA
D09,DCFS,005,501,-0.0625,2010-01-01T00:00:00Z,NA
D09,DCFS,005,502,-0.1625,2010-01-01T00:00:00Z,NA
D09,DCFS,005,503,-0.2625,2010-01-01T00:00:00Z,NA
D09,DCFS,005,504,-0.3625,2010-01-01T00:00:00Z,NA
D09,DCFS,005,505,-0.4625,2010-01-01T00:00:00Z,NA
D09,DCFS,005,506,-0.7625,2010-01-01T00:00:00Z,NA
D09,DCFS,005,507,-1.0625,2010-01-01T00:00:00Z,NA
D09,DCFS,005,508,-1.9625,2010-01-01T00:00:00Z,NA
D09,NOGP,001,501,-0.05,2010-01-01T00:00:00Z,NA
D09,NOGP,001,502,-0.15,2010-01-01T00:00:00Z,NA
D09,NOGP,001,503,-0.25,2010-01-01T00:00:00Z,NA
D09,NOGP,001,504,-0.35,2010-01-01T00:00:00Z,NA
D09,NOGP,001,505,-0.65,2010-01-01T00:00:00Z,NA
D09,NOGP,001,506,-1.15,2010-01-01T00:00:00Z,NA
D09,NOGP,001,507,-1.65,2010-01-01T00:00:00Z,NA
D09,NOGP,001,508,-1.95,2010-01-01T00:00:00Z,NA
D09,NOGP,002,501,-0.06,2010-01-01T00:00:00Z,NA
D09,NOGP,002,502,-0.16,2010-01-01T00:00:00Z,NA
D09,NOGP,002,503,-0.26,2010-01-01T00:00:00Z,NA
D09,NOGP,002,504,-0.36,2010-01-01T00:00:00Z,NA
D09,NOGP,002,505,-0.66,2010-01-01T00:00:00Z,NA
D09,NOGP,002,506,-1.16,2010-01-01T00:00:00Z,NA
D09,NOGP,002,507,-1.66,2010-01-01T00:00:00Z,NA
D09,NOGP,002,508,-1.96,2010-01-01T00:00:00Z,NA
D09,NOGP,003,501,-0.06,2010-01-01T00:00:00Z,NA
D09,NOGP,003,502,-0.16,2010-01-01T00:00:00Z,NA
D09,NOGP,003,503,-0.26,2010-01-01T00:00:00Z,NA
D09,NOGP,003,504,-0.36,2010-01-01T00:00:00Z,NA
D09,NOGP,003,505,-0.66,2010-01-01T00:00:00Z,NA
D09,NOGP,003,506,-1.16,2010-01-01T00:00:00Z,NA
D09,NOGP,003,507,-1.66,2010-01-01T00:00:00Z,NA
D09,NOGP,003,508,-1.96,2010-01-01T00:00:00Z,NA
D09,NOGP,004,501,-0.06,2010-01-01T00:00:00Z,NA
D09,NOGP,004,502,-0.16,2010-01-01T00:00:00Z,NA
D09,NOGP,004,503,-0.26,2010-01-01T00:00:00Z,NA
D09,NOGP,004,504,-0.36,2010-01-01T00:00:00Z,NA
D09,NOGP,004,505,-0.66,2010-01-01T00:00:00Z,NA
D09,NOGP,004,506,-1.16,2010-01-01T00:00:00Z,NA
D09,NOGP,004,507,-1.66,2010-01-01T00:00:00Z,NA
D09,NOGP,004,508,-1.96,2010-01-01T00:00:00Z,NA
D09,NOGP,005,501,-0.05,2010-01-01T00:00:00Z,NA
D09,NOGP,005,502,-0.15,2010-01-01T00:00:00Z,NA
D09,NOGP,005,503,-0.25,2010-01-01T00:00:00Z,NA
D09,NOGP,005,504,-0.35,2010-01-01T00:00:00Z,NA
D09,NOGP,005,505,-0.65,2010-01-01T00:00:00Z,NA
D09,NOGP,005,506,-1.15,2010-01-01T00:00:00Z,NA
D09,NOGP,005,507,-1.65,2010-01-01T00:00:00Z,NA
D09,NOGP,005,508,-1.95,2010-01-01T00:00:00Z,NA
D09,WOOD,001,501,-0.06,2010-01-01T00:00:00Z,NA
D09,WOOD,001,502,-0.16,2010-01-01T00:00:00Z,NA
D09,WOOD,001,503,-0.26,2010-01-01T00:00:00Z,NA
D09,WOOD,001,504,-0.46,2010-01-01T00:00:00Z,NA
D09,WOOD,001,505,-0.76,2010-01-01T00:00:00Z,NA
D09,WOOD,001,506,-1.16,2010-01-01T00:00:00Z,NA
D09,WOOD,001,507,-1.66,2010-01-01T00:00:00Z,NA
D09,WOOD,001,508,-1.96,2010-01-01T00:00:00Z,NA
D09,WOOD,002,501,-0.06,2010-01-01T00:00:00Z,NA
D09,WOOD,002,502,-0.16,2010-01-01T00:00:00Z,NA
D09,WOOD,002,503,-0.26,2010-01-01T00:00:00Z,NA
D09,WOOD,002,504,-0.46,2010-01-01T00:00:00Z,NA
D09,WOOD,002,505,-0.76,2010-01-01T00:00:00Z,NA
D09,WOOD,002,506,-1.16,2010-01-01T00:00:00Z,NA
D09,WOOD,002,507,-1.66,2010-01-01T00:00:00Z,NA
D09,WOOD,002,508,-1.96,2010-01-01T00:00:00Z,NA
D09,WOOD,003,501,-0.06,2010-01-01T00:00:00Z,NA
D09,WOOD,003,502,-0.16,2010-01-01T00:00:00Z,NA
D09,WOOD,003,503,-0.26,2010-01-01T00:00:00Z,NA
D09,WOOD,003,504,-0.46,2010-01-01T00:00:00Z,NA
D09,WOOD,003,505,-0.76,2010-01-01T00:00:00Z,NA
D09,WOOD,003,506,-1.16,2010-01-01T00:00:00Z,NA
D09,WOOD,003,507,-1.66,2010-01-01T00:00:00Z,NA
D09,WOOD,003,508,-1.96,2010-01-01T00:00:00Z,NA
D09,WOOD,004,501,-0.055,2010-01-01T00:00:00Z,NA
D09,WOOD,004,502,-0.155,2010-01-01T00:00:00Z,NA
D09,WOOD,004,503,-0.255,2010-01-01T00:00:00Z,NA
D09,WOOD,004,504,-0.455,2010-01-01T00:00:00Z,NA
D09,WOOD,004,505,-0.755,2010-01-01T00:00:00Z,NA
D09,WOOD,004,506,-1.155,2010-01-01T00:00:00Z,NA
D09,WOOD,004,507,-1.655,2010-01-01T00:00:00Z,NA
D09,WOOD,004,508,-1.955,2010-01-01T00:00:00Z,NA
D09,WOOD,005,501,-0.055,2010-01-01T00:00:00Z,NA
D09,WOOD,005,502,-0.155,2010-01-01T00:00:00Z,NA
D09,WOOD,005,503,-0.255,2010-01-01T00:00:00Z,NA
D09,WOOD,005,504,-0.455,2010-01-01T00:00:00Z,NA
D09,WOOD,005,505,-0.755,2010-01-01T00:00:00Z,NA
D09,WOOD,005,506,-1.155,2010-01-01T00:00:00Z,NA
D09,WOOD,005,507,-1.655,2010-01-01T00:00:00Z,NA
D09,WOOD,005,508,-1.955,2010-01-01T00:00:00Z,NA
D10,CPER,001,501,-0.06,2010-01-01T00:00:00Z,NA
D10,CPER,001,502,-0.16,2010-01-01T00:00:00Z,NA
D10,CPER,001,503,-0.26,2010-01-01T00:00:00Z,NA
D10,CPER,001,504,-0.46,2010-01-01T00:00:00Z,NA
D10,CPER,001,505,-0.66,2010-01-01T00:00:00Z,NA
D10,CPER,001,506,-1.06,2010-01-01T00:00:00Z,NA
D10,CPER,001,507,-1.56,2010-01-01T00:00:00Z,NA
D10,CPER,001,508,-1.96,2010-01-01T00:00:00Z,NA
D10,CPER,002,501,-0.07,2010-01-01T00:00:00Z,NA
D10,CPER,002,502,-0.17,2010-01-01T00:00:00Z,NA
D10,CPER,002,503,-0.27,2010-01-01T00:00:00Z,NA
D10,CPER,002,504,-0.47,2010-01-01T00:00:00Z,NA
D10,CPER,002,505,-0.67,2010-01-01T00:00:00Z,NA
D10,CPER,002,506,-1.07,2010-01-01T00:00:00Z,NA
D10,CPER,002,507,-1.57,2010-01-01T00:00:00Z,NA
D10,CPER,002,508,-1.97,2010-01-01T00:00:00Z,NA
D10,CPER,003,501,-0.06,2010-01-01T00:00:00Z,NA
D10,CPER,003,502,-0.16,2010-01-01T00:00:00Z,NA
D10,CPER,003,503,-0.26,2010-01-01T00:00:00Z,NA
D10,CPER,003,504,-0.46,2010-01-01T00:00:00Z,NA
D10,CPER,003,505,-0.66,2010-01-01T00:00:00Z,NA
D10,CPER,003,506,-1.06,2010-01-01T00:00:00Z,NA
D10,CPER,003,507,-1.56,2010-01-01T00:00:00Z,NA
D10,CPER,003,508,-1.96,2010-01-01T00:00:00Z,NA
D10,CPER,004,501,-0.06,2010-01-01T00:00:00Z,NA
D10,CPER,004,502,-0.16,2010-01-01T00:00:00Z,NA
D10,CPER,004,503,-0.26,2010-01-01T00:00:00Z,NA
D10,CPER,004,504,-0.46,2010-01-01T00:00:00Z,NA
D10,CPER,004,505,-0.66,2010-01-01T00:00:00Z,NA
D10,CPER,004,506,-1.06,2010-01-01T00:00:00Z,NA
D10,CPER,004,507,-1.56,2010-01-01T00:00:00Z,NA
D10,CPER,004,508,-1.96,2010-01-01T00:00:00Z,NA
D10,CPER,005,501,-0.07,2010-01-01T00:00:00Z,NA
D10,CPER,005,502,-0.17,2010-01-01T00:00:00Z,NA
D10,CPER,005,503,-0.27,2010-01-01T00:00:00Z,NA
D10,CPER,005,504,-0.47,2010-01-01T00:00:00Z,NA
D10,CPER,005,505,-0.67,2010-01-01T00:00:00Z,NA
D10,CPER,005,506,-1.07,2010-01-01T00:00:00Z,NA
D10,CPER,005,507,-1.57,2010-01-01T00:00:00Z,NA
D10,CPER,005,508,-1.97,2010-01-01T00:00:00Z,NA
D10,RMNP,001,501,-0.0625,2010-01-01T00:00:00Z,NA
D10,RMNP,001,502,-0.1625,2010-01-01T00:00:00Z,NA
D10,RMNP,001,503,-0.2625,2010-01-01T00:00:00Z,NA
D10,RMNP,001,504,-0.4625,2010-01-01T00:00:00Z,NA
D10,RMNP,001,505,NA,2010-01-01T00:00:00Z,NA
D10,RMNP,001,506,NA,2010-01-01T00:00:00Z,NA
D10,RMNP,001,507,NA,2010-01-01T00:00:00Z,NA
D10,RMNP,001,508,NA,2010-01-01T00:00:00Z,NA
D10,RMNP,002,501,-0.06,2010-01-01T00:00:00Z,NA
D10,RMNP,002,502,-0.16,2010-01-01T00:00:00Z,NA
D10,RMNP,002,503,-0.26,2010-01-01T00:00:00Z,NA
D10,RMNP,002,504,-0.36,2010-01-01T00:00:00Z,NA
D10,RMNP,002,505,-0.46,2010-01-01T00:00:00Z,NA
D10,RMNP,002,506,-0.56,2010-01-01T00:00:00Z,NA
D10,RMNP,002,507,-0.66,2010-01-01T00:00:00Z,NA
D10,RMNP,002,508,-0.86,2010-01-01T00:00:00Z,NA
D10,RMNP,003,501,-0.053,2010-01-01T00:00:00Z,NA
D10,RMNP,003,502,-0.153,2010-01-01T00:00:00Z,NA
D10,RMNP,003,503,-0.253,2010-01-01T00:00:00Z,NA
D10,RMNP,003,504,-0.453,2010-01-01T00:00:00Z,NA
D10,RMNP,003,505,-0.653,2010-01-01T00:00:00Z,NA
D10,RMNP,003,506,-0.853,2010-01-01T00:00:00Z,NA
D10,RMNP,003,507,-1.053,2010-01-01T00:00:00Z,NA
D10,RMNP,003,508,-1.353,2010-01-01T00:00:00Z,NA
D10,RMNP,004,501,-0.06,2010-01-01T00:00:00Z,NA
D10,RMNP,004,502,-0.16,2010-01-01T00:00:00Z,NA
D10,RMNP,004,503,-0.26,2010-01-01T00:00:00Z,NA
D10,RMNP,004,504,-0.36,2010-01-01T00:00:00Z,NA
D10,RMNP,004,505,-0.46,2010-01-01T00:00:00Z,NA
D10,RMNP,004,506,-0.66,2010-01-01T00:00:00Z,NA
D10,RMNP,004,507,NA,2010-01-01T00:00:00Z,NA
D10,RMNP,004,508,NA,2010-01-01T00:00:00Z,NA
D10,RMNP,005,501,-0.05,2010-01-01T00:00:00Z,NA
D10,RMNP,005,502,-0.15,2010-01-01T00:00:00Z,NA
D10,RMNP,005,503,-0.25,2010-01-01T00:00:00Z,NA
D10,RMNP,005,504,-0.45,2010-01-01T00:00:00Z,NA
D10,RMNP,005,505,-0.65,2010-01-01T00:00:00Z,NA
D10,RMNP,005,506,-0.85,2010-01-01T00:00:00Z,NA
D10,RMNP,005,507,-1.05,2010-01-01T00:00:00Z,NA
D10,RMNP,005,508,-1.35,2010-01-01T00:00:00Z,NA
D10,STER,001,501,-0.06,2010-01-01T00:00:00Z,NA
D10,STER,001,502,-0.16,2010-01-01T00:00:00Z,NA
D10,STER,001,503,-0.26,2010-01-01T00:00:00Z,NA
D10,STER,001,504,-0.46,2010-01-01T00:00:00Z,NA
D10,STER,001,505,-0.86,2010-01-01T00:00:00Z,NA
D10,STER,001,506,-1.06,2010-01-01T00:00:00Z,NA
D10,STER,001,507,-1.36,2010-01-01T00:00:00Z,NA
D10,STER,001,508,-1.96,2010-01-01T00:00:00Z,NA
D10,STER,002,501,-0.07,2010-01-01T00:00:00Z,NA
D10,STER,002,502,-0.17,2010-01-01T00:00:00Z,NA
D10,STER,002,503,-0.27,2010-01-01T00:00:00Z,NA
D10,STER,002,504,-0.47,2010-01-01T00:00:00Z,NA
D10,STER,002,505,-0.87,2010-01-01T00:00:00Z,NA
D10,STER,002,506,-1.07,2010-01-01T00:00:00Z,NA
D10,STER,002,507,-1.37,2010-01-01T00:00:00Z,NA
D10,STER,002,508,-1.97,2010-01-01T00:00:00Z,NA
D10,STER,003,501,-0.06,2010-01-01T00:00:00Z,NA
D10,STER,003,502,-0.16,2010-01-01T00:00:00Z,NA
D10,STER,003,503,-0.26,2010-01-01T00:00:00Z,NA
D10,STER,003,504,-0.46,2010-01-01T00:00:00Z,NA
D10,STER,003,505,-0.86,2010-01-01T00:00:00Z,NA
D10,STER,003,506,-1.06,2010-01-01T00:00:00Z,NA
D10,STER,003,507,-1.36,2010-01-01T00:00:00Z,NA
D10,STER,003,508,-1.96,2010-01-01T00:00:00Z,NA
D10,STER,004,501,-0.06,2010-01-01T00:00:00Z,NA
D10,STER,004,502,-0.16,2010-01-01T00:00:00Z,NA
D10,STER,004,503,-0.26,2010-01-01T00:00:00Z,NA
D10,STER,004,504,-0.46,2010-01-01T00:00:00Z,NA
D10,STER,004,505,-0.86,2010-01-01T00:00:00Z,NA
D10,STER,004,506,-1.06,2010-01-01T00:00:00Z,NA
D10,STER,004,507,-1.36,2010-01-01T00:00:00Z,NA
D10,STER,004,508,-1.96,2010-01-01T00:00:00Z,NA
D10,STER,005,501,-0.06,2010-01-01T00:00:00Z,NA
D10,STER,005,502,-0.16,2010-01-01T00:00:00Z,NA
D10,STER,005,503,-0.26,2010-01-01T00:00:00Z,NA
D10,STER,005,504,-0.46,2010-01-01T00:00:00Z,NA
D10,STER,005,505,-0.86,2010-01-01T00:00:00Z,NA
D10,STER,005,506,-1.06,2010-01-01T00:00:00Z,NA
D10,STER,005,507,-1.36,2010-01-01T00:00:00Z,NA
D10,STER,005,508,-1.96,2010-01-01T00:00:00Z,NA
D11,CLBJ,001,501,-0.06,2010-01-01T00:00:00Z,NA
D11,CLBJ,001,502,-0.16,2010-01-01T00:00:00Z,NA
D11,CLBJ,001,503,-0.26,2010-01-01T00:00:00Z,NA
D11,CLBJ,001,504,-0.56,2010-01-01T00:00:00Z,NA
D11,CLBJ,001,505,-0.76,2010-01-01T00:00:00Z,NA
D11,CLBJ,001,506,-1.06,2010-01-01T00:00:00Z,NA
D11,CLBJ,001,507,-1.36,2010-01-01T00:00:00Z,NA
D11,CLBJ,001,508,-1.96,2010-01-01T00:00:00Z,NA
D11,CLBJ,002,501,-0.06,2010-01-01T00:00:00Z,NA
D11,CLBJ,002,502,-0.16,2010-01-01T00:00:00Z,NA
D11,CLBJ,002,503,-0.26,2010-01-01T00:00:00Z,NA
D11,CLBJ,002,504,-0.56,2010-01-01T00:00:00Z,NA
D11,CLBJ,002,505,-0.76,2010-01-01T00:00:00Z,NA
D11,CLBJ,002,506,-1.06,2010-01-01T00:00:00Z,NA
D11,CLBJ,002,507,-1.36,2010-01-01T00:00:00Z,NA
D11,CLBJ,002,508,-1.96,2010-01-01T00:00:00Z,NA
D11,CLBJ,003,501,-0.06,2010-01-01T00:00:00Z,NA
D11,CLBJ,003,502,-0.16,2010-01-01T00:00:00Z,NA
D11,CLBJ,003,503,-0.26,2010-01-01T00:00:00Z,NA
D11,CLBJ,003,504,-0.56,2010-01-01T00:00:00Z,NA
D11,CLBJ,003,505,-0.76,2010-01-01T00:00:00Z,NA
D11,CLBJ,003,506,-1.06,2010-01-01T00:00:00Z,NA
D11,CLBJ,003,507,-1.36,2010-01-01T00:00:00Z,NA
D11,CLBJ,003,508,-1.96,2010-01-01T00:00:00Z,NA
D11,CLBJ,004,501,-0.06,2010-01-01T00:00:00Z,NA
D11,CLBJ,004,502,-0.16,2010-01-01T00:00:00Z,NA
D11,CLBJ,004,503,-0.26,2010-01-01T00:00:00Z,NA
D11,CLBJ,004,504,-0.56,2010-01-01T00:00:00Z,NA
D11,CLBJ,004,505,-0.76,2010-01-01T00:00:00Z,NA
D11,CLBJ,004,506,-1.06,2010-01-01T00:00:00Z,NA
D11,CLBJ,004,507,-1.36,2010-01-01T00:00:00Z,NA
D11,CLBJ,004,508,-1.96,2010-01-01T00:00:00Z,NA
D11,CLBJ,005,501,-0.06,2010-01-01T00:00:00Z,NA
D11,CLBJ,005,502,-0.16,2010-01-01T00:00:00Z,NA
D11,CLBJ,005,503,-0.26,2010-01-01T00:00:00Z,NA
D11,CLBJ,005,504,-0.56,2010-01-01T00:00:00Z,NA
D11,CLBJ,005,505,-0.76,2010-01-01T00:00:00Z,NA
D11,CLBJ,005,506,-1.06,2010-01-01T00:00:00Z,NA
D11,CLBJ,005,507,-1.36,2010-01-01T00:00:00Z,NA
D11,CLBJ,005,508,-1.96,2010-01-01T00:00:00Z,NA
D11,OAES,001,501,-0.06,2010-01-01T00:00:00Z,NA
D11,OAES,001,502,-0.16,2010-01-01T00:00:00Z,NA
D11,OAES,001,503,-0.26,2010-01-01T00:00:00Z,NA
D11,OAES,001,504,-0.36,2010-01-01T00:00:00Z,NA
D11,OAES,001,505,NA,2010-01-01T00:00:00Z,NA
D11,OAES,001,506,NA,2010-01-01T00:00:00Z,NA
D11,OAES,001,507,NA,2010-01-01T00:00:00Z,NA
D11,OAES,001,508,NA,2010-01-01T00:00:00Z,NA
D11,OAES,002,501,-0.06,2010-01-01T00:00:00Z,NA
D11,OAES,002,502,-0.16,2010-01-01T00:00:00Z,NA
D11,OAES,002,503,-0.26,2010-01-01T00:00:00Z,NA
D11,OAES,002,504,-0.36,2010-01-01T00:00:00Z,NA
D11,OAES,002,505,NA,2010-01-01T00:00:00Z,NA
D11,OAES,002,506,NA,2010-01-01T00:00:00Z,NA
D11,OAES,002,507,NA,2010-01-01T00:00:00Z,NA
D11,OAES,002,508,NA,2010-01-01T00:00:00Z,NA
D11,OAES,003,501,-0.07,2010-01-01T00:00:00Z,NA
D11,OAES,003,502,-0.17,2010-01-01T00:00:00Z,NA
D11,OAES,003,503,-0.27,2010-01-01T00:00:00Z,NA
D11,OAES,003,504,-0.37,2010-01-01T00:00:00Z,NA
D11,OAES,003,505,NA,2010-01-01T00:00:00Z,NA
D11,OAES,003,506,NA,2010-01-01T00:00:00Z,NA
D11,OAES,003,507,NA,2010-01-01T00:00:00Z,NA
D11,OAES,003,508,NA,2010-01-01T00:00:00Z,NA
D11,OAES,004,501,-0.06,2010-01-01T00:00:00Z,NA
D11,OAES,004,502,-0.16,2010-01-01T00:00:00Z,NA
D11,OAES,004,503,-0.26,2010-01-01T00:00:00Z,NA
D11,OAES,004,504,-0.36,2010-01-01T00:00:00Z,NA
D11,OAES,004,505,NA,2010-01-01T00:00:00Z,NA
D11,OAES,004,506,NA,2010-01-01T00:00:00Z,NA
D11,OAES,004,507,NA,2010-01-01T00:00:00Z,NA
D11,OAES,004,508,NA,2010-01-01T00:00:00Z,NA
D11,OAES,005,501,-0.07,2010-01-01T00:00:00Z,NA
D11,OAES,005,502,-0.17,2010-01-01T00:00:00Z,NA
D11,OAES,005,503,-0.27,2010-01-01T00:00:00Z,NA
D11,OAES,005,504,-0.37,2010-01-01T00:00:00Z,NA
D11,OAES,005,505,NA,2010-01-01T00:00:00Z,NA
D11,OAES,005,506,NA,2010-01-01T00:00:00Z,NA
D11,OAES,005,507,NA,2010-01-01T00:00:00Z,NA
D11,OAES,005,508,NA,2010-01-01T00:00:00Z,NA
D12,YELL,001,501,-0.06,2010-01-01T00:00:00Z,NA
D12,YELL,001,502,-0.16,2010-01-01T00:00:00Z,NA
D12,YELL,001,503,-0.26,2010-01-01T00:00:00Z,NA
D12,YELL,001,504,-0.36,2010-01-01T00:00:00Z,NA
D12,YELL,001,505,-0.46,2010-01-01T00:00:00Z,NA
D12,YELL,001,506,-0.56,2010-01-01T00:00:00Z,NA
D12,YELL,001,507,NA,2010-01-01T00:00:00Z,NA
D12,YELL,001,508,NA,2010-01-01T00:00:00Z,NA
D12,YELL,002,501,-0.06,2010-01-01T00:00:00Z,NA
D12,YELL,002,502,-0.16,2010-01-01T00:00:00Z,NA
D12,YELL,002,503,NA,2010-01-01T00:00:00Z,NA
D12,YELL,002,504,NA,2010-01-01T00:00:00Z,NA
D12,YELL,002,505,NA,2010-01-01T00:00:00Z,NA
D12,YELL,002,506,NA,2010-01-01T00:00:00Z,NA
D12,YELL,002,507,NA,2010-01-01T00:00:00Z,NA
D12,YELL,002,508,NA,2010-01-01T00:00:00Z,NA
D12,YELL,003,501,-0.06,2010-01-01T00:00:00Z,NA
D12,YELL,003,502,-0.16,2010-01-01T00:00:00Z,NA
D12,YELL,003,503,-0.26,2010-01-01T00:00:00Z,NA
D12,YELL,003,504,-0.36,2010-01-01T00:00:00Z,NA
D12,YELL,003,505,-0.56,2010-01-01T00:00:00Z,NA
D12,YELL,003,506,-0.66,2010-01-01T00:00:00Z,NA
D12,YELL,003,507,NA,2010-01-01T00:00:00Z,NA
D12,YELL,003,508,NA,2010-01-01T00:00:00Z,NA
D12,YELL,004,501,-0.06,2010-01-01T00:00:00Z,NA
D12,YELL,004,502,-0.16,2010-01-01T00:00:00Z,NA
D12,YELL,004,503,-0.26,2010-01-01T00:00:00Z,NA
D12,YELL,004,504,-0.36,2010-01-01T00:00:00Z,NA
D12,YELL,004,505,-0.56,2010-01-01T00:00:00Z,NA
D12,YELL,004,506,-0.86,2010-01-01T00:00:00Z,NA
D12,YELL,004,507,-1.26,2010-01-01T00:00:00Z,NA
D12,YELL,004,508,-1.76,2010-01-01T00:00:00Z,NA
D12,YELL,005,501,-0.06,2010-01-01T00:00:00Z,NA
D12,YELL,005,502,-0.16,2010-01-01T00:00:00Z,NA
D12,YELL,005,503,-0.26,2010-01-01T00:00:00Z,NA
D12,YELL,005,504,-0.46,2010-01-01T00:00:00Z,NA
D12,YELL,005,505,NA,2010-01-01T00:00:00Z,NA
D12,YELL,005,506,NA,2010-01-01T00:00:00Z,NA
D12,YELL,005,507,NA,2010-01-01T00:00:00Z,NA
D12,YELL,005,508,NA,2010-01-01T00:00:00Z,NA
D13,MOAB,001,501,-0.06,2010-01-01T00:00:00Z,NA
D13,MOAB,001,502,-0.16,2010-01-01T00:00:00Z,NA
D13,MOAB,001,503,-0.26,2010-01-01T00:00:00Z,NA
D13,MOAB,001,504,-0.36,2010-01-01T00:00:00Z,NA
D13,MOAB,001,505,-0.66,2010-01-01T00:00:00Z,NA
D13,MOAB,001,506,-0.96,2010-01-01T00:00:00Z,NA
D13,MOAB,001,507,-1.46,2010-01-01T00:00:00Z,NA
D13,MOAB,001,508,-1.96,2010-01-01T00:00:00Z,NA
D13,MOAB,002,501,-0.055,2010-01-01T00:00:00Z,NA
D13,MOAB,002,502,-0.155,2010-01-01T00:00:00Z,NA
D13,MOAB,002,503,-0.255,2010-01-01T00:00:00Z,NA
D13,MOAB,002,504,-0.355,2010-01-01T00:00:00Z,NA
D13,MOAB,002,505,-0.655,2010-01-01T00:00:00Z,NA
D13,MOAB,002,506,-0.955,2010-01-01T00:00:00Z,NA
D13,MOAB,002,507,-1.455,2010-01-01T00:00:00Z,NA
D13,MOAB,002,508,-1.955,2010-01-01T00:00:00Z,NA
D13,MOAB,003,501,-0.055,2010-01-01T00:00:00Z,NA
D13,MOAB,003,502,-0.155,2010-01-01T00:00:00Z,NA
D13,MOAB,003,503,-0.255,2010-01-01T00:00:00Z,NA
D13,MOAB,003,504,-0.355,2010-01-01T00:00:00Z,NA
D13,MOAB,003,505,-0.655,2010-01-01T00:00:00Z,NA
D13,MOAB,003,506,-0.955,2010-01-01T00:00:00Z,NA
D13,MOAB,003,507,-1.455,2010-01-01T00:00:00Z,NA
D13,MOAB,003,508,-1.955,2010-01-01T00:00:00Z,NA
D13,MOAB,004,501,-0.055,2010-01-01T00:00:00Z,NA
D13,MOAB,004,502,-0.155,2010-01-01T00:00:00Z,NA
D13,MOAB,004,503,-0.255,2010-01-01T00:00:00Z,NA
D13,MOAB,004,504,-0.355,2010-01-01T00:00:00Z,NA
D13,MOAB,004,505,-0.655,2010-01-01T00:00:00Z,NA
D13,MOAB,004,506,-0.955,2010-01-01T00:00:00Z,NA
D13,MOAB,004,507,-1.455,2010-01-01T00:00:00Z,NA
D13,MOAB,004,508,-1.955,2010-01-01T00:00:00Z,NA
D13,MOAB,005,501,-0.065,2010-01-01T00:00:00Z,NA
D13,MOAB,005,502,-0.165,2010-01-01T00:00:00Z,NA
D13,MOAB,005,503,-0.265,2010-01-01T00:00:00Z,NA
D13,MOAB,005,504,-0.365,2010-01-01T00:00:00Z,NA
D13,MOAB,005,505,-0.665,2010-01-01T00:00:00Z,NA
D13,MOAB,005,506,-0.965,2010-01-01T00:00:00Z,NA
D13,MOAB,005,507,-1.465,2010-01-01T00:00:00Z,NA
D13,MOAB,005,508,-1.965,2010-01-01T00:00:00Z,NA
D13,NIWO,001,501,-0.05,2010-01-01T00:00:00Z,NA
D13,NIWO,001,502,-0.15,2010-01-01T00:00:00Z,NA
D13,NIWO,001,503,-0.25,2010-01-01T00:00:00Z,NA
D13,NIWO,001,504,-0.35,2010-01-01T00:00:00Z,NA
D13,NIWO,001,505,-0.65,2010-01-01T00:00:00Z,NA
D13,NIWO,001,506,-0.95,2010-01-01T00:00:00Z,NA
D13,NIWO,001,507,-1.45,2010-01-01T00:00:00Z,NA
D13,NIWO,001,508,-1.75,2010-01-01T00:00:00Z,NA
D13,NIWO,002,501,-0.05,2010-01-01T00:00:00Z,NA
D13,NIWO,002,502,-0.15,2010-01-01T00:00:00Z,NA
D13,NIWO,002,503,-0.25,2010-01-01T00:00:00Z,NA
D13,NIWO,002,504,-0.35,2010-01-01T00:00:00Z,NA
D13,NIWO,002,505,-0.65,2010-01-01T00:00:00Z,NA
D13,NIWO,002,506,-0.95,2010-01-01T00:00:00Z,NA
D13,NIWO,002,507,-1.45,2010-01-01T00:00:00Z,NA
D13,NIWO,002,508,-1.95,2010-01-01T00:00:00Z,NA
D13,NIWO,003,501,-0.05,2010-01-01T00:00:00Z,NA
D13,NIWO,003,502,-0.15,2010-01-01T00:00:00Z,NA
D13,NIWO,003,503,-0.25,2010-01-01T00:00:00Z,NA
D13,NIWO,003,504,-0.35,2010-01-01T00:00:00Z,NA
D13,NIWO,003,505,-0.65,2010-01-01T00:00:00Z,NA
D13,NIWO,003,506,-0.95,2010-01-01T00:00:00Z,NA
D13,NIWO,003,507,-1.45,2010-01-01T00:00:00Z,NA
D13,NIWO,003,508,-1.95,2010-01-01T00:00:00Z,NA
D13,NIWO,004,501,-0.055,2010-01-01T00:00:00Z,NA
D13,NIWO,004,502,-0.155,2010-01-01T00:00:00Z,NA
D13,NIWO,004,503,-0.255,2010-01-01T00:00:00Z,NA
D13,NIWO,004,504,-0.355,2010-01-01T00:00:00Z,NA
D13,NIWO,004,505,-0.655,2010-01-01T00:00:00Z,NA
D13,NIWO,004,506,-0.955,2010-01-01T00:00:00Z,NA
D13,NIWO,004,507,-1.455,2010-01-01T00:00:00Z,NA
D13,NIWO,004,508,-1.955,2010-01-01T00:00:00Z,NA
D13,NIWO,005,501,-0.058,2010-01-01T00:00:00Z,NA
D13,NIWO,005,502,-0.158,2010-01-01T00:00:00Z,NA
D13,NIWO,005,503,-0.258,2010-01-01T00:00:00Z,NA
D13,NIWO,005,504,-0.358,2010-01-01T00:00:00Z,NA
D13,NIWO,005,505,-0.658,2010-01-01T00:00:00Z,NA
D13,NIWO,005,506,-0.958,2010-01-01T00:00:00Z,NA
D13,NIWO,005,507,-1.458,2010-01-01T00:00:00Z,NA
D13,NIWO,005,508,-1.958,2010-01-01T00:00:00Z,NA
D14,JORN,001,501,-0.06,2010-01-01T00:00:00Z,NA
D14,JORN,001,502,-0.16,2010-01-01T00:00:00Z,NA
D14,JORN,001,503,-0.26,2010-01-01T00:00:00Z,NA
D14,JORN,001,504,-0.56,2010-01-01T00:00:00Z,NA
D14,JORN,001,505,-0.96,2010-01-01T00:00:00Z,NA
D14,JORN,001,506,-1.26,2010-01-01T00:00:00Z,NA
D14,JORN,001,507,-1.56,2010-01-01T00:00:00Z,NA
D14,JORN,001,508,-1.96,2010-01-01T00:00:00Z,NA
D14,JORN,002,501,-0.061,2010-01-01T00:00:00Z,NA
D14,JORN,002,502,-0.161,2010-01-01T00:00:00Z,NA
D14,JORN,002,503,-0.261,2010-01-01T00:00:00Z,NA
D14,JORN,002,504,-0.561,2010-01-01T00:00:00Z,NA
D14,JORN,002,505,-0.961,2010-01-01T00:00:00Z,NA
D14,JORN,002,506,-1.261,2010-01-01T00:00:00Z,NA
D14,JORN,002,507,-1.561,2010-01-01T00:00:00Z,NA
D14,JORN,002,508,-1.961,2010-01-01T00:00:00Z,NA
D14,JORN,003,501,-0.06,2010-01-01T00:00:00Z,NA
D14,JORN,003,502,-0.16,2010-01-01T00:00:00Z,NA
D14,JORN,003,503,-0.26,2010-01-01T00:00:00Z,NA
D14,JORN,003,504,-0.56,2010-01-01T00:00:00Z,NA
D14,JORN,003,505,-0.96,2010-01-01T00:00:00Z,NA
D14,JORN,003,506,-1.26,2010-01-01T00:00:00Z,NA
D14,JORN,003,507,-1.56,2010-01-01T00:00:00Z,NA
D14,JORN,003,508,-1.96,2010-01-01T00:00:00Z,NA
D14,JORN,004,501,-0.058,2010-01-01T00:00:00Z,NA
D14,JORN,004,502,-0.158,2010-01-01T00:00:00Z,NA
D14,JORN,004,503,-0.258,2010-01-01T00:00:00Z,NA
D14,JORN,004,504,-0.558,2010-01-01T00:00:00Z,NA
D14,JORN,004,505,-0.958,2010-01-01T00:00:00Z,NA
D14,JORN,004,506,-1.258,2010-01-01T00:00:00Z,NA
D14,JORN,004,507,-1.558,2010-01-01T00:00:00Z,NA
D14,JORN,004,508,-1.958,2010-01-01T00:00:00Z,NA
D14,JORN,005,501,-0.06,2010-01-01T00:00:00Z,NA
D14,JORN,005,502,-0.16,2010-01-01T00:00:00Z,NA
D14,JORN,005,503,-0.26,2010-01-01T00:00:00Z,NA
D14,JORN,005,504,-0.56,2010-01-01T00:00:00Z,NA
D14,JORN,005,505,-0.96,2010-01-01T00:00:00Z,NA
D14,JORN,005,506,-1.26,2010-01-01T00:00:00Z,NA
D14,JORN,005,507,-1.56,2010-01-01T00:00:00Z,NA
D14,JORN,005,508,-1.96,2010-01-01T00:00:00Z,NA
D14,SRER,001,501,-0.06,2010-01-01T00:00:00Z,NA
D14,SRER,001,502,-0.16,2010-01-01T00:00:00Z,NA
D14,SRER,001,503,-0.26,2010-01-01T00:00:00Z,NA
D14,SRER,001,504,-0.56,2010-01-01T00:00:00Z,NA
D14,SRER,001,505,-0.96,2010-01-01T00:00:00Z,NA
D14,SRER,001,506,-1.16,2010-01-01T00:00:00Z,NA
D14,SRER,001,507,-1.56,2010-01-01T00:00:00Z,NA
D14,SRER,001,508,-1.96,2010-01-01T00:00:00Z,NA
D14,SRER,002,501,-0.062,2010-01-01T00:00:00Z,NA
D14,SRER,002,502,-0.162,2010-01-01T00:00:00Z,NA
D14,SRER,002,503,-0.262,2010-01-01T00:00:00Z,NA
D14,SRER,002,504,-0.562,2010-01-01T00:00:00Z,NA
D14,SRER,002,505,-0.962,2010-01-01T00:00:00Z,NA
D14,SRER,002,506,-1.162,2010-01-01T00:00:00Z,NA
D14,SRER,002,507,-1.562,2010-01-01T00:00:00Z,NA
D14,SRER,002,508,-1.962,2010-01-01T00:00:00Z,NA
D14,SRER,003,501,-0.06,2010-01-01T00:00:00Z,NA
D14,SRER,003,502,-0.16,2010-01-01T00:00:00Z,NA
D14,SRER,003,503,-0.26,2010-01-01T00:00:00Z,NA
D14,SRER,003,504,-0.56,2010-01-01T00:00:00Z,NA
D14,SRER,003,505,-0.96,2010-01-01T00:00:00Z,NA
D14,SRER,003,506,-1.16,2010-01-01T00:00:00Z,NA
D14,SRER,003,507,-1.56,2010-01-01T00:00:00Z,NA
D14,SRER,003,508,-1.96,2010-01-01T00:00:00Z,NA
D14,SRER,004,501,-0.058,2010-01-01T00:00:00Z,NA
D14,SRER,004,502,-0.158,2010-01-01T00:00:00Z,NA
D14,SRER,004,503,-0.258,2010-01-01T00:00:00Z,NA
D14,SRER,004,504,-0.558,2010-01-01T00:00:00Z,NA
D14,SRER,004,505,-0.958,2010-01-01T00:00:00Z,NA
D14,SRER,004,506,-1.158,2010-01-01T00:00:00Z,NA
D14,SRER,004,507,-1.558,2010-01-01T00:00:00Z,NA
D14,SRER,004,508,-1.958,2010-01-01T00:00:00Z,NA
D14,SRER,005,501,-0.062,2010-01-01T00:00:00Z,NA
D14,SRER,005,502,-0.162,2010-01-01T00:00:00Z,NA
D14,SRER,005,503,-0.262,2010-01-01T00:00:00Z,NA
D14,SRER,005,504,-0.562,2010-01-01T00:00:00Z,NA
D14,SRER,005,505,-0.962,2010-01-01T00:00:00Z,NA
D14,SRER,005,506,-1.162,2010-01-01T00:00:00Z,NA
D14,SRER,005,507,-1.562,2010-01-01T00:00:00Z,NA
D14,SRER,005,508,-1.962,2010-01-01T00:00:00Z,NA
D15,ONAQ,001,501,-0.055,2010-01-01T00:00:00Z,NA
D15,ONAQ,001,502,-0.155,2010-01-01T00:00:00Z,NA
D15,ONAQ,001,503,-0.255,2010-01-01T00:00:00Z,NA
D15,ONAQ,001,504,-0.455,2010-01-01T00:00:00Z,NA
D15,ONAQ,001,505,-1.055,2010-01-01T00:00:00Z,NA
D15,ONAQ,001,506,-1.655,2010-01-01T00:00:00Z,NA
D15,ONAQ,001,507,-1.855,2010-01-01T00:00:00Z,NA
D15,ONAQ,001,508,-1.955,2010-01-01T00:00:00Z,NA
D15,ONAQ,002,501,-0.06,2010-01-01T00:00:00Z,NA
D15,ONAQ,002,502,-0.16,2010-01-01T00:00:00Z,NA
D15,ONAQ,002,503,-0.26,2010-01-01T00:00:00Z,NA
D15,ONAQ,002,504,-0.46,2010-01-01T00:00:00Z,NA
D15,ONAQ,002,505,-1.06,2010-01-01T00:00:00Z,NA
D15,ONAQ,002,506,-1.66,2010-01-01T00:00:00Z,NA
D15,ONAQ,002,507,-1.86,2010-01-01T00:00:00Z,NA
D15,ONAQ,002,508,-1.96,2010-01-01T00:00:00Z,NA
D15,ONAQ,003,501,-0.06,2010-01-01T00:00:00Z,NA
D15,ONAQ,003,502,-0.16,2010-01-01T00:00:00Z,NA
D15,ONAQ,003,503,-0.26,2010-01-01T00:00:00Z,NA
D15,ONAQ,003,504,-0.46,2010-01-01T00:00:00Z,NA
D15,ONAQ,003,505,-1.06,2010-01-01T00:00:00Z,NA
D15,ONAQ,003,506,-1.66,2010-01-01T00:00:00Z,NA
D15,ONAQ,003,507,-1.86,2010-01-01T00:00:00Z,NA
D15,ONAQ,003,508,-1.96,2010-01-01T00:00:00Z,NA
D15,ONAQ,004,501,-0.06,2010-01-01T00:00:00Z,NA
D15,ONAQ,004,502,-0.16,2010-01-01T00:00:00Z,NA
D15,ONAQ,004,503,-0.26,2010-01-01T00:00:00Z,NA
D15,ONAQ,004,504,-0.46,2010-01-01T00:00:00Z,NA
D15,ONAQ,004,505,-1.06,2010-01-01T00:00:00Z,NA
D15,ONAQ,004,506,-1.66,2010-01-01T00:00:00Z,NA
D15,ONAQ,004,507,-1.86,2010-01-01T00:00:00Z,NA
D15,ONAQ,004,508,-1.96,2010-01-01T00:00:00Z,NA
D15,ONAQ,005,501,-0.06,2010-01-01T00:00:00Z,NA
D15,ONAQ,005,502,-0.16,2010-01-01T00:00:00Z,NA
D15,ONAQ,005,503,-0.26,2010-01-01T00:00:00Z,NA
D15,ONAQ,005,504,-0.46,2010-01-01T00:00:00Z,NA
D15,ONAQ,005,505,-0.66,2010-01-01T00:00:00Z,NA
D15,ONAQ,005,506,-0.86,2010-01-01T00:00:00Z,NA
D15,ONAQ,005,507,-1.06,2010-01-01T00:00:00Z,NA
D15,ONAQ,005,508,-1.36,2010-01-01T00:00:00Z,NA
D16,ABBY,001,501,-0.06,2010-01-01T00:00:00Z,NA
D16,ABBY,001,502,-0.16,2010-01-01T00:00:00Z,NA
D16,ABBY,001,503,-0.26,2010-01-01T00:00:00Z,NA
D16,ABBY,001,504,-0.36,2010-01-01T00:00:00Z,NA
D16,ABBY,001,505,-0.56,2010-01-01T00:00:00Z,NA
D16,ABBY,001,506,-0.86,2010-01-01T00:00:00Z,NA
D16,ABBY,001,507,-1.16,2010-01-01T00:00:00Z,NA
D16,ABBY,001,508,-1.96,2010-01-01T00:00:00Z,NA
D16,ABBY,002,501,-0.06,2010-01-01T00:00:00Z,NA
D16,ABBY,002,502,-0.16,2010-01-01T00:00:00Z,NA
D16,ABBY,002,503,-0.26,2010-01-01T00:00:00Z,NA
D16,ABBY,002,504,-0.36,2010-01-01T00:00:00Z,NA
D16,ABBY,002,505,-0.56,2010-01-01T00:00:00Z,NA
D16,ABBY,002,506,-0.86,2010-01-01T00:00:00Z,NA
D16,ABBY,002,507,-1.16,2010-01-01T00:00:00Z,NA
D16,ABBY,002,508,-1.96,2010-01-01T00:00:00Z,NA
D16,ABBY,003,501,-0.06,2010-01-01T00:00:00Z,NA
D16,ABBY,003,502,-0.16,2010-01-01T00:00:00Z,NA
D16,ABBY,003,503,-0.26,2010-01-01T00:00:00Z,NA
D16,ABBY,003,504,-0.36,2010-01-01T00:00:00Z,NA
D16,ABBY,003,505,-0.56,2010-01-01T00:00:00Z,NA
D16,ABBY,003,506,-0.86,2010-01-01T00:00:00Z,NA
D16,ABBY,003,507,-1.16,2010-01-01T00:00:00Z,NA
D16,ABBY,003,508,-1.96,2010-01-01T00:00:00Z,NA
D16,ABBY,004,501,-0.07,2010-01-01T00:00:00Z,NA
D16,ABBY,004,502,-0.17,2010-01-01T00:00:00Z,NA
D16,ABBY,004,503,-0.27,2010-01-01T00:00:00Z,NA
D16,ABBY,004,504,-0.37,2010-01-01T00:00:00Z,NA
D16,ABBY,004,505,-0.57,2010-01-01T00:00:00Z,NA
D16,ABBY,004,506,-0.87,2010-01-01T00:00:00Z,NA
D16,ABBY,004,507,-1.17,2010-01-01T00:00:00Z,NA
D16,ABBY,004,508,-1.97,2010-01-01T00:00:00Z,NA
D16,ABBY,005,501,-0.06,2010-01-01T00:00:00Z,NA
D16,ABBY,005,502,-0.16,2010-01-01T00:00:00Z,NA
D16,ABBY,005,503,-0.26,2010-01-01T00:00:00Z,NA
D16,ABBY,005,504,-0.36,2010-01-01T00:00:00Z,NA
D16,ABBY,005,505,-0.56,2010-01-01T00:00:00Z,NA
D16,ABBY,005,506,-0.86,2010-01-01T00:00:00Z,NA
D16,ABBY,005,507,-1.16,2010-01-01T00:00:00Z,NA
D16,ABBY,005,508,-1.96,2010-01-01T00:00:00Z,NA
D16,WREF,001,501,-0.06,2010-01-01T00:00:00Z,NA
D16,WREF,001,502,-0.16,2010-01-01T00:00:00Z,NA
D16,WREF,001,503,-0.26,2010-01-01T00:00:00Z,NA
D16,WREF,001,504,-0.56,2010-01-01T00:00:00Z,NA
D16,WREF,001,505,-0.86,2010-01-01T00:00:00Z,NA
D16,WREF,001,506,-1.16,2010-01-01T00:00:00Z,NA
D16,WREF,001,507,-1.66,2010-01-01T00:00:00Z,NA
D16,WREF,001,508,-1.96,2010-01-01T00:00:00Z,NA
D16,WREF,002,501,-0.065,2010-01-01T00:00:00Z,NA
D16,WREF,002,502,-0.165,2010-01-01T00:00:00Z,NA
D16,WREF,002,503,-0.265,2010-01-01T00:00:00Z,NA
D16,WREF,002,504,-0.565,2010-01-01T00:00:00Z,NA
D16,WREF,002,505,-0.865,2010-01-01T00:00:00Z,NA
D16,WREF,002,506,-1.165,2010-01-01T00:00:00Z,NA
D16,WREF,002,507,-1.665,2010-01-01T00:00:00Z,NA
D16,WREF,002,508,-1.965,2010-01-01T00:00:00Z,NA
D16,WREF,003,501,-0.055,2010-01-01T00:00:00Z,NA
D16,WREF,003,502,-0.155,2010-01-01T00:00:00Z,NA
D16,WREF,003,503,-0.255,2010-01-01T00:00:00Z,NA
D16,WREF,003,504,-0.555,2010-01-01T00:00:00Z,NA
D16,WREF,003,505,-0.855,2010-01-01T00:00:00Z,NA
D16,WREF,003,506,-1.155,2010-01-01T00:00:00Z,NA
D16,WREF,003,507,-1.655,2010-01-01T00:00:00Z,NA
D16,WREF,003,508,-1.955,2010-01-01T00:00:00Z,NA
D16,WREF,004,501,-0.0575,2010-01-01T00:00:00Z,NA
D16,WREF,004,502,-0.1575,2010-01-01T00:00:00Z,NA
D16,WREF,004,503,-0.2575,2010-01-01T00:00:00Z,NA
D16,WREF,004,504,-0.5575,2010-01-01T00:00:00Z,NA
D16,WREF,004,505,-0.8575,2010-01-01T00:00:00Z,NA
D16,WREF,004,506,-1.1575,2010-01-01T00:00:00Z,NA
D16,WREF,004,507,-1.6575,2010-01-01T00:00:00Z,NA
D16,WREF,004,508,-1.9575,2010-01-01T00:00:00Z,NA
D16,WREF,005,501,-0.0575,2010-01-01T00:00:00Z,NA
D16,WREF,005,502,-0.1575,2010-01-01T00:00:00Z,NA
D16,WREF,005,503,-0.2575,2010-01-01T00:00:00Z,NA
D16,WREF,005,504,-0.5575,2010-01-01T00:00:00Z,NA
D16,WREF,005,505,-0.8575,2010-01-01T00:00:00Z,NA
D16,WREF,005,506,-1.1575,2010-01-01T00:00:00Z,NA
D16,WREF,005,507,-1.6575,2010-01-01T00:00:00Z,NA
D16,WREF,005,508,-1.9575,2010-01-01T00:00:00Z,NA
D17,SJER,001,501,-0.06,2010-01-01T00:00:00Z,NA
D17,SJER,001,502,NA,2010-01-01T00:00:00Z,NA
D17,SJER,001,503,NA,2010-01-01T00:00:00Z,NA
D17,SJER,001,504,NA,2010-01-01T00:00:00Z,NA
D17,SJER,001,505,NA,2010-01-01T00:00:00Z,NA
D17,SJER,001,506,NA,2010-01-01T00:00:00Z,NA
D17,SJER,001,507,NA,2010-01-01T00:00:00Z,NA
D17,SJER,001,508,NA,2010-01-01T00:00:00Z,NA
D17,SJER,002,501,-0.065,2010-01-01T00:00:00Z,NA
D17,SJER,002,502,-0.165,2010-01-01T00:00:00Z,NA
D17,SJER,002,503,-0.265,2010-01-01T00:00:00Z,NA
D17,SJER,002,504,-0.465,2010-01-01T00:00:00Z,NA
D17,SJER,002,505,-0.665,2010-01-01T00:00:00Z,NA
D17,SJER,002,506,-0.965,2010-01-01T00:00:00Z,NA
D17,SJER,002,507,-1.165,2010-01-01T00:00:00Z,NA
D17,SJER,002,508,-1.665,2010-01-01T00:00:00Z,NA
D17,SJER,003,501,-0.0625,2010-01-01T00:00:00Z,NA
D17,SJER,003,502,-0.1625,2010-01-01T00:00:00Z,NA
D17,SJER,003,503,-0.2625,2010-01-01T00:00:00Z,NA
D17,SJER,003,504,-0.4625,2010-01-01T00:00:00Z,NA
D17,SJER,003,505,-0.6625,2010-01-01T00:00:00Z,NA
D17,SJER,003,506,-0.9625,2010-01-01T00:00:00Z,NA
D17,SJER,003,507,-1.1625,2010-01-01T00:00:00Z,NA
D17,SJER,003,508,-1.6625,2010-01-01T00:00:00Z,NA
D17,SJER,004,501,-0.06,2010-01-01T00:00:00Z,NA
D17,SJER,004,502,-0.16,2010-01-01T00:00:00Z,NA
D17,SJER,004,503,-0.26,2010-01-01T00:00:00Z,NA
D17,SJER,004,504,-0.46,2010-01-01T00:00:00Z,NA
D17,SJER,004,505,-0.66,2010-01-01T00:00:00Z,NA
D17,SJER,004,506,-0.96,2010-01-01T00:00:00Z,NA
D17,SJER,004,507,-1.16,2010-01-01T00:00:00Z,NA
D17,SJER,004,508,-1.66,2010-01-01T00:00:00Z,NA
D17,SJER,005,501,-0.0625,2010-01-01T00:00:00Z,NA
D17,SJER,005,502,-0.1625,2010-01-01T00:00:00Z,NA
D17,SJER,005,503,-0.2625,2010-01-01T00:00:00Z,NA
D17,SJER,005,504,-0.4625,2010-01-01T00:00:00Z,NA
D17,SJER,005,505,-0.6625,2010-01-01T00:00:00Z,NA
D17,SJER,005,506,-0.9625,2010-01-01T00:00:00Z,NA
D17,SJER,005,507,-1.1625,2010-01-01T00:00:00Z,NA
D17,SJER,005,508,-1.6625,2010-01-01T00:00:00Z,NA
D17,SOAP,001,501,-0.06,2010-01-01T00:00:00Z,NA
D17,SOAP,001,502,-0.16,2010-01-01T00:00:00Z,NA
D17,SOAP,001,503,-0.26,2010-01-01T00:00:00Z,NA
D17,SOAP,001,504,-0.46,2010-01-01T00:00:00Z,NA
D17,SOAP,001,505,-0.76,2010-01-01T00:00:00Z,NA
D17,SOAP,001,506,-1.16,2010-01-01T00:00:00Z,NA
D17,SOAP,001,507,-1.56,2010-01-01T00:00:00Z,NA
D17,SOAP,001,508,-1.96,2010-01-01T00:00:00Z,NA
D17,SOAP,002,501,-0.06,2010-01-01T00:00:00Z,NA
D17,SOAP,002,502,-0.16,2010-01-01T00:00:00Z,NA
D17,SOAP,002,503,-0.26,2010-01-01T00:00:00Z,NA
D17,SOAP,002,504,-0.46,2010-01-01T00:00:00Z,NA
D17,SOAP,002,505,-0.76,2010-01-01T00:00:00Z,NA
D17,SOAP,002,506,-1.16,2010-01-01T00:00:00Z,NA
D17,SOAP,002,507,-1.56,2010-01-01T00:00:00Z,NA
D17,SOAP,002,508,-1.96,2010-01-01T00:00:00Z,NA
D17,SOAP,003,501,-0.06,2010-01-01T00:00:00Z,NA
D17,SOAP,003,502,-0.16,2010-01-01T00:00:00Z,NA
D17,SOAP,003,503,-0.26,2010-01-01T00:00:00Z,NA
D17,SOAP,003,504,-0.46,2010-01-01T00:00:00Z,NA
D17,SOAP,003,505,-0.76,2010-01-01T00:00:00Z,NA
D17,SOAP,003,506,-1.16,2010-01-01T00:00:00Z,NA
D17,SOAP,003,507,-1.56,2010-01-01T00:00:00Z,NA
D17,SOAP,003,508,-1.96,2010-01-01T00:00:00Z,NA
D17,SOAP,004,501,-0.06,2010-01-01T00:00:00Z,NA
D17,SOAP,004,502,-0.16,2010-01-01T00:00:00Z,NA
D17,SOAP,004,503,-0.26,2010-01-01T00:00:00Z,NA
D17,SOAP,004,504,-0.46,2010-01-01T00:00:00Z,NA
D17,SOAP,004,505,-0.76,2010-01-01T00:00:00Z,NA
D17,SOAP,004,506,-1.16,2010-01-01T00:00:00Z,NA
D17,SOAP,004,507,-1.56,2010-01-01T00:00:00Z,NA
D17,SOAP,004,508,-1.96,2010-01-01T00:00:00Z,NA
D17,SOAP,005,501,-0.06,2010-01-01T00:00:00Z,NA
D17,SOAP,005,502,-0.16,2010-01-01T00:00:00Z,NA
D17,SOAP,005,503,-0.26,2010-01-01T00:00:00Z,NA
D17,SOAP,005,504,-0.46,2010-01-01T00:00:00Z,NA
D17,SOAP,005,505,-0.76,2010-01-01T00:00:00Z,NA
D17,SOAP,005,506,-1.16,2010-01-01T00:00:00Z,NA
D17,SOAP,005,507,-1.56,2010-01-01T00:00:00Z,NA
D17,SOAP,005,508,-1.96,2010-01-01T00:00:00Z,NA
D17,TEAK,001,501,-0.06,2010-01-01T00:00:00Z,NA
D17,TEAK,001,502,-0.16,2010-01-01T00:00:00Z,NA
D17,TEAK,001,503,-0.26,2010-01-01T00:00:00Z,NA
D17,TEAK,001,504,-0.36,2010-01-01T00:00:00Z,NA
D17,TEAK,001,505,-0.46,2010-01-01T00:00:00Z,NA
D17,TEAK,001,506,-0.66,2010-01-01T00:00:00Z,NA
D17,TEAK,001,507,NA,2010-01-01T00:00:00Z,NA
D17,TEAK,001,508,NA,2010-01-01T00:00:00Z,NA
D17,TEAK,002,501,-0.0625,2010-01-01T00:00:00Z,NA
D17,TEAK,002,502,-0.1625,2010-01-01T00:00:00Z,NA
D17,TEAK,002,503,-0.2625,2010-01-01T00:00:00Z,NA
D17,TEAK,002,504,-0.3625,2010-01-01T00:00:00Z,NA
D17,TEAK,002,505,-0.4625,2010-01-01T00:00:00Z,NA
D17,TEAK,002,506,-0.5625,2010-01-01T00:00:00Z,NA
D17,TEAK,002,507,-0.7625,2010-01-01T00:00:00Z,NA
D17,TEAK,002,508,-0.8625,2010-01-01T00:00:00Z,NA
D17,TEAK,003,501,-0.055,2010-01-01T00:00:00Z,NA
D17,TEAK,003,502,-0.155,2010-01-01T00:00:00Z,NA
D17,TEAK,003,503,-0.255,2010-01-01T00:00:00Z,NA
D17,TEAK,003,504,-0.355,2010-01-01T00:00:00Z,NA
D17,TEAK,003,505,-0.455,2010-01-01T00:00:00Z,NA
D17,TEAK,003,506,-0.555,2010-01-01T00:00:00Z,NA
D17,TEAK,003,507,NA,2010-01-01T00:00:00Z,NA
D17,TEAK,003,508,NA,2010-01-01T00:00:00Z,NA
D17,TEAK,004,501,-0.065,2010-01-01T00:00:00Z,NA
D17,TEAK,004,502,-0.165,2010-01-01T00:00:00Z,NA
D17,TEAK,004,503,-0.265,2010-01-01T00:00:00Z,NA
D17,TEAK,004,504,-0.365,2010-01-01T00:00:00Z,NA
D17,TEAK,004,505,-0.565,2010-01-01T00:00:00Z,NA
D17,TEAK,004,506,-0.765,2010-01-01T00:00:00Z,NA
D17,TEAK,004,507,-0.965,2010-01-01T00:00:00Z,NA
D17,TEAK,004,508,-1.165,2010-01-01T00:00:00Z,NA
D17,TEAK,005,501,-0.605,2010-01-01T00:00:00Z,NA
D17,TEAK,005,502,-0.165,2010-01-01T00:00:00Z,NA
D17,TEAK,005,503,NA,2010-01-01T00:00:00Z,NA
D17,TEAK,005,504,NA,2010-01-01T00:00:00Z,NA
D17,TEAK,005,505,NA,2010-01-01T00:00:00Z,NA
D17,TEAK,005,506,NA,2010-01-01T00:00:00Z,NA
D17,TEAK,005,507,NA,2010-01-01T00:00:00Z,NA
D17,TEAK,005,508,NA,2010-01-01T00:00:00Z,NA
D18,BARR,001,501,-0.055,2010-01-01T00:00:00Z,NA
D18,BARR,001,502,-0.155,2010-01-01T00:00:00Z,NA
D18,BARR,001,503,-0.255,2010-01-01T00:00:00Z,NA
D18,BARR,001,504,-0.355,2010-01-01T00:00:00Z,NA
D18,BARR,001,505,-0.555,2010-01-01T00:00:00Z,NA
D18,BARR,001,506,-0.855,2010-01-01T00:00:00Z,NA
D18,BARR,001,507,-1.355,2010-01-01T00:00:00Z,NA
D18,BARR,001,508,-1.655,2010-01-01T00:00:00Z,NA
D18,BARR,002,501,-0.055,2010-01-01T00:00:00Z,NA
D18,BARR,002,502,-0.155,2010-01-01T00:00:00Z,NA
D18,BARR,002,503,-0.255,2010-01-01T00:00:00Z,NA
D18,BARR,002,504,-0.355,2010-01-01T00:00:00Z,NA
D18,BARR,002,505,-0.555,2010-01-01T00:00:00Z,NA
D18,BARR,002,506,-0.855,2010-01-01T00:00:00Z,NA
D18,BARR,002,507,-1.355,2010-01-01T00:00:00Z,NA
D18,BARR,002,508,-2.655,2010-01-01T00:00:00Z,NA
D18,BARR,003,501,-0.055,2010-01-01T00:00:00Z,NA
D18,BARR,003,502,-0.155,2010-01-01T00:00:00Z,NA
D18,BARR,003,503,-0.255,2010-01-01T00:00:00Z,NA
D18,BARR,003,504,-0.355,2010-01-01T00:00:00Z,NA
D18,BARR,003,505,-0.555,2010-01-01T00:00:00Z,NA
D18,BARR,003,506,-0.855,2010-01-01T00:00:00Z,NA
D18,BARR,003,507,-1.355,2010-01-01T00:00:00Z,NA
D18,BARR,003,508,-1.655,2010-01-01T00:00:00Z,NA
D18,BARR,004,501,-0.065,2010-01-01T00:00:00Z,NA
D18,BARR,004,502,-0.165,2010-01-01T00:00:00Z,NA
D18,BARR,004,503,-0.265,2010-01-01T00:00:00Z,NA
D18,BARR,004,504,-0.365,2010-01-01T00:00:00Z,NA
D18,BARR,004,505,-0.565,2010-01-01T00:00:00Z,NA
D18,BARR,004,506,-0.865,2010-01-01T00:00:00Z,NA
D18,BARR,004,507,-1.365,2010-01-01T00:00:00Z,NA
D18,BARR,004,508,-1.665,2010-01-01T00:00:00Z,NA
D18,BARR,005,501,-0.055,2010-01-01T00:00:00Z,NA
D18,BARR,005,502,-0.155,2010-01-01T00:00:00Z,NA
D18,BARR,005,503,-0.255,2010-01-01T00:00:00Z,NA
D18,BARR,005,504,-0.355,2010-01-01T00:00:00Z,NA
D18,BARR,005,505,-0.555,2010-01-01T00:00:00Z,NA
D18,BARR,005,506,-0.855,2010-01-01T00:00:00Z,NA
D18,BARR,005,507,-1.355,2010-01-01T00:00:00Z,NA
D18,BARR,005,508,-1.755,2010-01-01T00:00:00Z,NA
D18,TOOL,001,501,-0.05,2010-01-01T00:00:00Z,NA
D18,TOOL,001,502,-0.15,2010-01-01T00:00:00Z,NA
D18,TOOL,001,503,-0.25,2010-01-01T00:00:00Z,NA
D18,TOOL,001,504,-0.35,2010-01-01T00:00:00Z,NA
D18,TOOL,001,505,NA,2010-01-01T00:00:00Z,NA
D18,TOOL,001,506,NA,2010-01-01T00:00:00Z,NA
D18,TOOL,001,507,NA,2010-01-01T00:00:00Z,NA
D18,TOOL,001,508,NA,2010-01-01T00:00:00Z,NA
D18,TOOL,002,501,-0.06,2010-01-01T00:00:00Z,NA
D18,TOOL,002,502,-0.16,2010-01-01T00:00:00Z,NA
D18,TOOL,002,503,-0.26,2010-01-01T00:00:00Z,NA
D18,TOOL,002,504,-0.46,2010-01-01T00:00:00Z,NA
D18,TOOL,002,505,NA,2010-01-01T00:00:00Z,NA
D18,TOOL,002,506,NA,2010-01-01T00:00:00Z,NA
D18,TOOL,002,507,NA,2010-01-01T00:00:00Z,NA
D18,TOOL,002,508,NA,2010-01-01T00:00:00Z,NA
D18,TOOL,003,501,-0.062,2010-01-01T00:00:00Z,NA
D18,TOOL,003,502,-0.162,2010-01-01T00:00:00Z,NA
D18,TOOL,003,503,-0.262,2010-01-01T00:00:00Z,NA
D18,TOOL,003,504,-0.362,2010-01-01T00:00:00Z,NA
D18,TOOL,003,505,-0.462,2010-01-01T00:00:00Z,NA
D18,TOOL,003,506,-0.662,2010-01-01T00:00:00Z,NA
D18,TOOL,003,507,NA,2010-01-01T00:00:00Z,NA
D18,TOOL,003,508,NA,2010-01-01T00:00:00Z,NA
D18,TOOL,004,501,-0.057,2010-01-01T00:00:00Z,NA
D18,TOOL,004,502,-0.157,2010-01-01T00:00:00Z,NA
D18,TOOL,004,503,-0.257,2010-01-01T00:00:00Z,NA
D18,TOOL,004,504,-0.357,2010-01-01T00:00:00Z,NA
D18,TOOL,004,505,-0.457,2010-01-01T00:00:00Z,NA
D18,TOOL,004,506,-0.657,2010-01-01T00:00:00Z,NA
D18,TOOL,004,507,NA,2010-01-01T00:00:00Z,NA
D18,TOOL,004,508,NA,2010-01-01T00:00:00Z,NA
D18,TOOL,005,501,-0.06,2010-01-01T00:00:00Z,NA
D18,TOOL,005,502,NA,2010-01-01T00:00:00Z,NA
D18,TOOL,005,503,NA,2010-01-01T00:00:00Z,NA
D18,TOOL,005,504,NA,2010-01-01T00:00:00Z,NA
D18,TOOL,005,505,NA,2010-01-01T00:00:00Z,NA
D18,TOOL,005,506,NA,2010-01-01T00:00:00Z,NA
D18,TOOL,005,507,NA,2010-01-01T00:00:00Z,NA
D18,TOOL,005,508,NA,2010-01-01T00:00:00Z,NA
D19,BONA,001,501,-0.05,2010-01-01T00:00:00Z,NA
D19,BONA,001,502,-0.15,2010-01-01T00:00:00Z,NA
D19,BONA,001,503,-0.25,2010-01-01T00:00:00Z,NA
D19,BONA,001,504,-0.45,2010-01-01T00:00:00Z,NA
D19,BONA,001,505,-0.75,2010-01-01T00:00:00Z,NA
D19,BONA,001,506,-1.05,2010-01-01T00:00:00Z,NA
D19,BONA,001,507,-1.55,2010-01-01T00:00:00Z,NA
D19,BONA,001,508,-1.95,2010-01-01T00:00:00Z,NA
D19,BONA,002,501,-0.06,2010-01-01T00:00:00Z,NA
D19,BONA,002,502,-0.16,2010-01-01T00:00:00Z,NA
D19,BONA,002,503,-0.26,2010-01-01T00:00:00Z,NA
D19,BONA,002,504,-0.46,2010-01-01T00:00:00Z,NA
D19,BONA,002,505,-0.76,2010-01-01T00:00:00Z,NA
D19,BONA,002,506,-1.06,2010-01-01T00:00:00Z,NA
D19,BONA,002,507,-1.56,2010-01-01T00:00:00Z,NA
D19,BONA,002,508,-1.76,2010-01-01T00:00:00Z,NA
D19,BONA,003,501,-0.06,2010-01-01T00:00:00Z,NA
D19,BONA,003,502,-0.16,2010-01-01T00:00:00Z,NA
D19,BONA,003,503,-0.26,2010-01-01T00:00:00Z,NA
D19,BONA,003,504,-0.46,2010-01-01T00:00:00Z,NA
D19,BONA,003,505,-0.76,2010-01-01T00:00:00Z,NA
D19,BONA,003,506,-1.06,2010-01-01T00:00:00Z,NA
D19,BONA,003,507,-1.56,2010-01-01T00:00:00Z,NA
D19,BONA,003,508,-1.86,2010-01-01T00:00:00Z,NA
D19,BONA,004,501,-0.06,2010-01-01T00:00:00Z,NA
D19,BONA,004,502,-0.16,2010-01-01T00:00:00Z,NA
D19,BONA,004,503,-0.26,2010-01-01T00:00:00Z,NA
D19,BONA,004,504,-0.46,2010-01-01T00:00:00Z,NA
D19,BONA,004,505,-0.76,2010-01-01T00:00:00Z,NA
D19,BONA,004,506,-1.06,2010-01-01T00:00:00Z,NA
D19,BONA,004,507,-1.56,2010-01-01T00:00:00Z,NA
D19,BONA,004,508,-1.86,2010-01-01T00:00:00Z,NA
D19,BONA,005,501,-0.06,2010-01-01T00:00:00Z,NA
D19,BONA,005,502,-0.16,2010-01-01T00:00:00Z,NA
D19,BONA,005,503,-0.26,2010-01-01T00:00:00Z,NA
D19,BONA,005,504,-0.46,2010-01-01T00:00:00Z,NA
D19,BONA,005,505,-0.76,2010-01-01T00:00:00Z,NA
D19,BONA,005,506,-1.06,2010-01-01T00:00:00Z,NA
D19,BONA,005,507,-1.56,2010-01-01T00:00:00Z,NA
D19,BONA,005,508,-1.96,2010-01-01T00:00:00Z,NA
D19,DEJU,001,501,-0.06,2010-01-01T00:00:00Z,NA
D19,DEJU,001,502,-0.16,2010-01-01T00:00:00Z,NA
D19,DEJU,001,503,-0.26,2010-01-01T00:00:00Z,NA
D19,DEJU,001,504,-0.36,2010-01-01T00:00:00Z,NA
D19,DEJU,001,505,-0.46,2010-01-01T00:00:00Z,NA
D19,DEJU,001,506,-0.56,2010-01-01T00:00:00Z,NA
D19,DEJU,001,507,-0.66,2010-01-01T00:00:00Z,NA
D19,DEJU,001,508,-0.86,2010-01-01T00:00:00Z,NA
D19,DEJU,002,501,-0.06,2010-01-01T00:00:00Z,NA
D19,DEJU,002,502,-0.16,2010-01-01T00:00:00Z,NA
D19,DEJU,002,503,-0.26,2010-01-01T00:00:00Z,NA
D19,DEJU,002,504,-0.36,2010-01-01T00:00:00Z,NA
D19,DEJU,002,505,-0.46,2010-01-01T00:00:00Z,NA
D19,DEJU,002,506,-0.56,2010-01-01T00:00:00Z,NA
D19,DEJU,002,507,-0.66,2010-01-01T00:00:00Z,NA
D19,DEJU,002,508,-0.86,2010-01-01T00:00:00Z,NA
D19,DEJU,003,501,-0.055,2010-01-01T00:00:00Z,NA
D19,DEJU,003,502,-0.155,2010-01-01T00:00:00Z,NA
D19,DEJU,003,503,-0.255,2010-01-01T00:00:00Z,NA
D19,DEJU,003,504,-0.355,2010-01-01T00:00:00Z,NA
D19,DEJU,003,505,-0.455,2010-01-01T00:00:00Z,NA
D19,DEJU,003,506,-0.655,2010-01-01T00:00:00Z,NA
D19,DEJU,003,507,NA,2010-01-01T00:00:00Z,NA
D19,DEJU,003,508,NA,2010-01-01T00:00:00Z,NA
D19,DEJU,004,501,-0.05,2010-01-01T00:00:00Z,NA
D19,DEJU,004,502,-0.15,2010-01-01T00:00:00Z,NA
D19,DEJU,004,503,-0.25,2010-01-01T00:00:00Z,NA
D19,DEJU,004,504,-0.35,2010-01-01T00:00:00Z,NA
D19,DEJU,004,505,-0.45,2010-01-01T00:00:00Z,NA
D19,DEJU,004,506,-0.55,2010-01-01T00:00:00Z,NA
D19,DEJU,004,507,NA,2010-01-01T00:00:00Z,NA
D19,DEJU,004,508,NA,2010-01-01T00:00:00Z,NA
D19,DEJU,005,501,-0.055,2010-01-01T00:00:00Z,NA
D19,DEJU,005,502,-0.155,2010-01-01T00:00:00Z,NA
D19,DEJU,005,503,-0.255,2010-01-01T00:00:00Z,NA
D19,DEJU,005,504,-0.355,2010-01-01T00:00:00Z,NA
D19,DEJU,005,505,NA,2010-01-01T00:00:00Z,NA
D19,DEJU,005,506,NA,2010-01-01T00:00:00Z,NA
D19,DEJU,005,507,NA,2010-01-01T00:00:00Z,NA
D19,DEJU,005,508,NA,2010-01-01T00:00:00Z,NA
D19,HEAL,001,501,-0.06,2010-01-01T00:00:00Z,NA
D19,HEAL,001,502,-0.16,2010-01-01T00:00:00Z,NA
D19,HEAL,001,503,-0.26,2010-01-01T00:00:00Z,NA
D19,HEAL,001,504,-0.36,2010-01-01T00:00:00Z,NA
D19,HEAL,001,505,-0.46,2010-01-01T00:00:00Z,NA
D19,HEAL,001,506,-0.66,2010-01-01T00:00:00Z,NA
D19,HEAL,001,507,-0.96,2010-01-01T00:00:00Z,NA
D19,HEAL,001,508,-1.56,2010-01-01T00:00:00Z,NA
D19,HEAL,002,501,-0.06,2010-01-01T00:00:00Z,NA
D19,HEAL,002,502,-0.16,2010-01-01T00:00:00Z,NA
D19,HEAL,002,503,-0.26,2010-01-01T00:00:00Z,NA
D19,HEAL,002,504,-0.36,2010-01-01T00:00:00Z,NA
D19,HEAL,002,505,-0.46,2010-01-01T00:00:00Z,NA
D19,HEAL,002,506,-0.66,2010-01-01T00:00:00Z,NA
D19,HEAL,002,507,-0.96,2010-01-01T00:00:00Z,NA
D19,HEAL,002,508,-1.26,2010-01-01T00:00:00Z,NA
D19,HEAL,003,501,-0.05,2010-01-01T00:00:00Z,NA
D19,HEAL,003,502,-0.15,2010-01-01T00:00:00Z,NA
D19,HEAL,003,503,-0.25,2010-01-01T00:00:00Z,NA
D19,HEAL,003,504,-0.35,2010-01-01T00:00:00Z,NA
D19,HEAL,003,505,-0.45,2010-01-01T00:00:00Z,NA
D19,HEAL,003,506,-0.65,2010-01-01T00:00:00Z,NA
D19,HEAL,003,507,-0.95,2010-01-01T00:00:00Z,NA
D19,HEAL,003,508,-1.65,2010-01-01T00:00:00Z,NA
D19,HEAL,004,501,-0.07,2010-01-01T00:00:00Z,NA
D19,HEAL,004,502,-0.17,2010-01-01T00:00:00Z,NA
D19,HEAL,004,503,-0.27,2010-01-01T00:00:00Z,NA
D19,HEAL,004,504,-0.37,2010-01-01T00:00:00Z,NA
D19,HEAL,004,505,-0.47,2010-01-01T00:00:00Z,NA
D19,HEAL,004,506,-0.67,2010-01-01T00:00:00Z,NA
D19,HEAL,004,507,-0.97,2010-01-01T00:00:00Z,NA
D19,HEAL,004,508,-1.57,2010-01-01T00:00:00Z,NA
D19,HEAL,005,501,-0.06,2010-01-01T00:00:00Z,NA
D19,HEAL,005,502,-0.16,2010-01-01T00:00:00Z,NA
D19,HEAL,005,503,-0.26,2010-01-01T00:00:00Z,NA
D19,HEAL,005,504,-0.36,2010-01-01T00:00:00Z,NA
D19,HEAL,005,505,-0.46,2010-01-01T00:00:00Z,NA
D19,HEAL,005,506,-0.66,2010-01-01T00:00:00Z,NA
D19,HEAL,005,507,-0.96,2010-01-01T00:00:00Z,NA
D19,HEAL,005,508,-1.56,2010-01-01T00:00:00Z,NA
D20,PUUM,001,501,NA,2010-01-01T00:00:00Z,NA
D20,PUUM,001,502,NA,2010-01-01T00:00:00Z,NA
D20,PUUM,001,503,NA,2010-01-01T00:00:00Z,NA
D20,PUUM,001,504,NA,2010-01-01T00:00:00Z,NA
D20,PUUM,001,505,NA,2010-01-01T00:00:00Z,NA
D20,PUUM,001,506,NA,2010-01-01T00:00:00Z,NA
D20,PUUM,001,507,NA,2010-01-01T00:00:00Z,NA
D20,PUUM,001,508,NA,2010-01-01T00:00:00Z,NA
D20,PUUM,002,501,NA,2010-01-01T00:00:00Z,NA
D20,PUUM,002,502,NA,2010-01-01T00:00:00Z,NA
D20,PUUM,002,503,NA,2010-01-01T00:00:00Z,NA
D20,PUUM,002,504,NA,2010-01-01T00:00:00Z,NA
D20,PUUM,002,505,NA,2010-01-01T00:00:00Z,NA
D20,PUUM,002,506,NA,2010-01-01T00:00:00Z,NA
D20,PUUM,002,507,NA,2010-01-01T00:00:00Z,NA
D20,PUUM,002,508,NA,2010-01-01T00:00:00Z,NA
D20,PUUM,003,501,NA,2010-01-01T00:00:00Z,NA
D20,PUUM,003,502,NA,2010-01-01T00:00:00Z,NA
D20,PUUM,003,503,NA,2010-01-01T00:00:00Z,NA
D20,PUUM,003,504,NA,2010-01-01T00:00:00Z,NA
D20,PUUM,003,505,NA,2010-01-01T00:00:00Z,NA
D20,PUUM,003,506,NA,2010-01-01T00:00:00Z,NA
D20,PUUM,003,507,NA,2010-01-01T00:00:00Z,NA
D20,PUUM,003,508,NA,2010-01-01T00:00:00Z,NA
D20,PUUM,004,501,NA,2010-01-01T00:00:00Z,NA
D20,PUUM,004,502,NA,2010-01-01T00:00:00Z,NA
D20,PUUM,004,503,NA,2010-01-01T00:00:00Z,NA
D20,PUUM,004,504,NA,2010-01-01T00:00:00Z,NA
D20,PUUM,004,505,NA,2010-01-01T00:00:00Z,NA
D20,PUUM,004,506,NA,2010-01-01T00:00:00Z,NA
D20,PUUM,004,507,NA,2010-01-01T00:00:00Z,NA
D20,PUUM,004,508,NA,2010-01-01T00:00:00Z,NA
D20,PUUM,005,501,NA,2010-01-01T00:00:00Z,NA
D20,PUUM,005,502,NA,2010-01-01T00:00:00Z,NA
D20,PUUM,005,503,NA,2010-01-01T00:00:00Z,NA
D20,PUUM,005,504,NA,2010-01-01T00:00:00Z,NA
D20,PUUM,005,505,NA,2010-01-01T00:00:00Z,NA
D20,PUUM,005,506,NA,2010-01-01T00:00:00Z,NA
D20,PUUM,005,507,NA,2010-01-01T00:00:00Z,NA
D20,PUUM,005,508,NA,2010-01-01T00:00:00Z,NA
